Forwarder;Bereich;Version;CHG from;CHG to;Unit;Zone 1;Zone 2;Zone 3;Zone 4;Zone 5;Zone 6;Zone 7;Zone 8;Zone 9;Zone 10;Zone 11;Zone 12;Zone 13;Zone 14;Zone 15;Zone 16;Zone 17;Zone 18;Zone 19;Zone 20;Zone 21;Zone 22;Zone 23;Zone 24;Zone 25;Zone 26;Zone 27;Zone 28;Zone 29;Zone 30;Zone 31;Zone 32;Zone 33;Zone 34;Zone 35;Zone 36;Zone 37;Zone 38;Zone 39;Zone 40;Zone 41;Zone 42;Zone 43;Zone 44;Zone 45;Zone 46;Zone 47;Zone 48;Zone 49;Zone 50;Zone 51;Zone 52;Zone 53;Zone 54;Zone 55;Zone 56;Zone 57;Zone 58;Zone 59;Zone 60;Zone 61;Zone 62;Zone 63;Zone 64;Zone 65;Zone 66;Zone 67;Zone 68;Zone 69;Zone 70;Zone 71;Zone 72;Zone 73;Zone 74;Zone 75;Zone 76;Zone 77;Zone 78;Zone 79;Zone 80;Zone 81;Zone 82;Zone 83;Zone 84;Zone 85;Zone 86;Zone 87;Zone 88;Zone 89;Zone 90;Zone 91;Zone 92;Zone 93;Zone 94;Zone 95;Zone 96;Zone 97;Zone 98;Zone 99;Zone 100;Zone 101;Zone 102;Zone 103;Zone 104;Zone 105;Zone 106;Zone 107;Zone 108;Zone 109;Zone 110;Zone 111;Zone 112;Zone 113;Zone 114;Zone 115;Zone 116;Zone 117;Zone 118;Zone 119;Zone 120;Zone 121;Zone 122;Zone 123;Zone 124;Zone 125;Zone 126;Zone 127;Zone 128;Zone 129;Zone 130;Zone 131;Zone 132;Zone 133;Zone 134;Zone 135;Zone 136;Zone 137;Zone 138;Zone 139;Zone 140;Zone 141;Zone 142;Zone 143;Zone 144;Zone 145;Zone 146;Zone 147;Zone 148;Zone 149;Zone 150
DB Schenker;Freight;v1;0;150;SHP;40,25 €;45,54 €;44,51 €;41,62 €;41,96 €;43,38 €;42,87 €;39,94 €;38,05 €;39,90 €;38,05 €;41,32 €;42,95 €;43,69 €;45,43 €;45,41 €;43,64 €;39,64 €;41,41 €;39,64 €;43,36 €;42,34 €;44,24 €;37,62 €;39,83 €;37,62 €;42,26 €;35,24 €;40,36 €;34,83 €;37,72 €;36,46 €;40,84 €;41,85 €;41,69 €;41,75 €;38,80 €;38,15 €;40,22 €;36,12 €;35,46 €;37,93 €;39,24 €;39,58 €;33,01 €;31,51 €;36,48 €;39,03 €;40,34 €;42,40 €;42,35 €;41,71 €;43,41 €;40,66 €;36,57 €;39,76 €;39,49 €;41,60 €;43,30 €;43,77 €;41,48 €;41,31 €;43,59 €;39,18 €;44,17 €;43,21 €;43,69 €;46,27 €;45,05 €;42,94 €;46,43 €;45,01 €;42,13 €;43,20 €;45,67 €;45,03 €;45,03 €;46,18 €;51,42 €;49,16 €;44,88 €;42,95 €;50,68 €;49,36 €;44,15 €;39,42 €;42,92 €;45,52 €;42,08 €;43,98 €;44,03 €;39,17 €;42,07 €;41,39 €;39,52 €;;;;;;;;;;;;;;;;;;;;;;;;;;;;;;;;;;;;;;;;;;;;;;;;;;;;;;;
DB Schenker;Freight;v1;151;250;SHP;44,21 €;50,19 €;49,03 €;45,60 €;45,66 €;47,55 €;47,27 €;43,86 €;41,56 €;43,48 €;41,56 €;44,96 €;47,03 €;47,86 €;49,78 €;49,78 €;47,42 €;42,43 €;44,37 €;42,43 €;47,04 €;45,67 €;47,70 €;39,97 €;42,72 €;39,97 €;45,65 €;37,63 €;43,34 €;37,15 €;40,34 €;39,05 €;43,98 €;45,47 €;45,19 €;45,05 €;41,85 €;40,72 €;45,09 €;38,59 €;37,78 €;40,44 €;41,81 €;42,21 €;35,30 €;33,51 €;39,16 €;41,73 €;47,01 €;45,83 €;45,92 €;45,41 €;47,08 €;43,63 €;39,01 €;42,61 €;42,75 €;44,95 €;46,99 €;47,61 €;44,74 €;45,12 €;47,48 €;42,80 €;48,29 €;47,13 €;47,84 €;50,88 €;49,37 €;46,97 €;50,98 €;49,30 €;46,18 €;47,61 €;50,34 €;49,47 €;49,47 €;50,87 €;56,75 €;54,32 €;49,33 €;47,08 €;55,97 €;54,47 €;48,48 €;43,16 €;46,95 €;50,11 €;46,32 €;48,62 €;48,33 €;42,71 €;45,92 €;45,07 €;42,86 €;;;;;;;;;;;;;;;;;;;;;;;;;;;;;;;;;;;;;;;;;;;;;;;;;;;;;;;
DB Schenker;Freight;v1;251;500;SHP;61,07 €;69,24 €;66,84 €;62,27 €;61,50 €;63,97 €;64,61 €;60,59 €;56,32 €;58,95 €;56,32 €;60,48 €;63,14 €;64,30 €;67,64 €;67,70 €;62,38 €;55,00 €;57,20 €;55,00 €;62,35 €;59,68 €;61,83 €;50,77 €;54,13 €;50,77 €;59,31 €;47,92 €;55,12 €;47,28 €;51,31 €;50,48 €;57,43 €;59,76 €;58,99 €;58,10 €;55,29 €;52,29 €;57,48 €;49,31 €;47,79 €;51,78 €;53,48 €;54,24 €;45,05 €;42,91 €;50,63 €;53,87 €;60,20 €;59,95 €;61,74 €;60,56 €;61,69 €;56,20 €;49,75 €;54,39 €;56,68 €;59,79 €;62,43 €;63,65 €;59,22 €;61,64 €;63,67 €;58,07 €;65,31 €;64,26 €;65,48 €;69,54 €;67,27 €;63,92 €;69,32 €;66,85 €;63,67 €;66,48 €;69,70 €;68,71 €;68,71 €;70,33 €;78,73 €;75,18 €;68,22 €;64,97 €;76,98 €;75,24 €;66,70 €;58,92 €;63,86 €;68,28 €;64,41 €;67,67 €;65,25 €;57,81 €;61,93 €;60,61 €;57,40 €;;;;;;;;;;;;;;;;;;;;;;;;;;;;;;;;;;;;;;;;;;;;;;;;;;;;;;;
DB Schenker;Freight;v1;501;750;SHP;81,20 €;95,26 €;90,74 €;83,02 €;81,94 €;85,68 €;86,79 €;80,53 €;73,21 €;77,38 €;73,21 €;80,28 €;83,90 €;86,05 €;92,36 €;92,49 €;82,45 €;69,99 €;74,54 €;69,99 €;82,53 €;77,56 €;81,39 €;64,25 €;69,32 €;64,25 €;78,67 €;59,50 €;70,79 €;60,71 €;65,15 €;64,14 €;74,41 €;78,74 €;77,58 €;76,40 €;71,86 €;66,10 €;73,71 €;61,35 €;59,03 €;65,31 €;68,02 €;69,19 €;57,81 €;54,72 €;63,59 €;68,65 €;77,38 €;78,49 €;81,20 €;79,10 €;81,06 €;72,34 €;62,08 €;69,79 €;72,56 €;77,50 €;82,53 €;83,96 €;76,92 €;81,33 €;84,12 €;75,55 €;87,07 €;84,99 €;87,21 €;93,80 €;90,22 €;84,66 €;93,50 €;89,48 €;84,52 €;88,97 €;93,90 €;91,64 €;91,64 €;94,69 €;106,09 €;102,01 €;91,92 €;86,87 €;104,47 €;101,49 €;89,34 €;76,98 €;85,31 €;92,12 €;85,99 €;91,18 €;88,09 €;75,77 €;82,10 €;80,04 €;74,75 €;;;;;;;;;;;;;;;;;;;;;;;;;;;;;;;;;;;;;;;;;;;;;;;;;;;;;;;
DB Schenker;Freight;v1;751;1000;SHP;105,05 €;124,44 €;118,04 €;107,42 €;106,15 €;111,10 €;112,52 €;104,19 €;94,12 €;99,89 €;94,12 €;103,97 €;108,56 €;111,57 €;120,54 €;120,72 €;106,66 €;89,80 €;96,27 €;89,80 €;106,80 €;99,84 €;105,33 €;82,28 €;89,08 €;82,28 €;102,08 €;75,77 €;91,03 €;76,73 €;83,59 €;82,29 €;95,73 €;101,79 €;100,29 €;98,86 €;92,52 €;84,69 €;94,44 €;78,17 €;75,10 €;83,65 €;87,17 €;88,73 €;72,27 €;68,15 €;81,19 €;88,07 €;98,94 €;101,29 €;104,74 €;101,87 €;104,70 €;92,96 €;79,22 €;89,73 €;92,94 €;99,74 €;106,70 €;108,39 €;98,98 €;105,05 €;108,63 €;97,14 €;112,80 €;109,77 €;112,81 €;121,74 €;116,96 €;109,45 €;121,43 €;115,94 €;109,30 €;115,23 €;121,71 €;118,58 €;118,58 €;122,72 €;139,03 €;133,28 €;119,33 €;112,42 €;136,79 €;132,72 €;115,68 €;99,03 €;110,46 €;119,60 €;111,31 €;118,24 €;114,50 €;97,64 €;106,13 €;103,38 €;96,34 €;;;;;;;;;;;;;;;;;;;;;;;;;;;;;;;;;;;;;;;;;;;;;;;;;;;;;;;
DB Schenker;Freight;v1;1001;1250;SHP;122,95 €;143,06 €;135,88 €;123,91 €;121,02 €;126,97 €;129,90 €;121,95 €;111,65 €;115,70 €;111,65 €;118,77 €;123,97 €;127,39 €;137,32 €;137,61 €;120,18 €;101,16 €;106,42 €;101,16 €;120,54 €;112,00 €;116,87 €;90,53 €;97,90 €;90,53 €;113,54 €;87,08 €;100,32 €;83,88 €;92,58 €;92,67 €;107,37 €;114,67 €;112,47 €;109,93 €;104,60 €;94,86 €;106,43 €;89,99 €;85,98 €;93,52 €;96,35 €;98,38 €;78,85 €;74,45 €;94,08 €;98,45 €;112,68 €;113,70 €;119,58 €;117,68 €;117,68 €;103,31 €;90,14 €;99,31 €;109,07 €;114,16 €;120,92 €;123,38 €;112,29 €;122,15 €;123,91 €;115,27 €;129,73 €;126,94 €;130,49 €;140,34 €;134,40 €;126,59 €;139,17 €;133,05 €;127,70 €;135,55 €;141,39 €;139,01 €;139,01 €;142,42 €;162,16 €;154,96 €;138,77 €;130,36 €;158,53 €;154,59 €;133,92 €;117,86 €;127,04 €;137,66 €;130,70 €;138,32 €;131,07 €;113,80 €;121,51 €;118,16 €;110,79 €;;;;;;;;;;;;;;;;;;;;;;;;;;;;;;;;;;;;;;;;;;;;;;;;;;;;;;;
DB Schenker;Freight;v1;1251;1500;SHP;137,22 €;158,37 €;150,61 €;137,43 €;133,14 €;140,17 €;144,36 €;136,09 €;123,92 €;128,24 €;123,92 €;130,72 €;136,85 €;140,53 €;151,12 €;151,50 €;131,44 €;110,04 €;114,70 €;110,04 €;131,85 €;122,02 €;126,51 €;97,14 €;105,39 €;97,14 €;123,02 €;94,25 €;108,20 €;89,70 €;99,86 €;100,78 €;116,90 €;125,43 €;122,65 €;119,12 €;114,34 €;102,76 €;115,52 €;97,50 €;92,73 €;101,16 €;103,73 €;106,13 €;84,30 €;79,46 €;102,49 €;106,69 €;123,02 €;123,96 €;131,63 €;129,66 €;128,54 €;111,85 €;97,50 €;107,16 €;120,04 €;125,52 €;132,58 €;135,72 €;122,95 €;135,73 €;136,47 €;127,98 €;143,45 €;140,70 €;144,85 €;155,65 €;148,74 €;140,44 €;153,89 €;147,16 €;142,37 €;151,75 €;157,57 €;155,30 €;155,30 €;158,65 €;181,19 €;172,82 €;154,43 €;144,94 €;176,51 €;172,50 €;148,86 €;131,14 €;140,56 €;152,62 €;146,15 €;154,67 €;144,74 €;125,94 €;134,17 €;130,26 €;122,24 €;;;;;;;;;;;;;;;;;;;;;;;;;;;;;;;;;;;;;;;;;;;;;;;;;;;;;;;
DB Schenker;Freight;v1;1501;2000;SHP;166,76 €;187,19 €;179,10 €;165,14 €;157,97 €;165,28 €;171,81 €;165,39 €;150,90 €;154,35 €;150,90 €;155,01 €;161,03 €;165,54 €;176,90 €;177,42 €;152,62 €;128,90 €;131,35 €;128,90 €;153,96 €;142,23 €;143,94 €;112,26 €;118,78 €;112,26 €;140,57 €;111,01 €;122,36 €;102,25 €;114,20 €;117,98 €;136,75 €;145,57 €;141,71 €;136,50 €;135,67 €;119,67 €;134,76 €;115,06 €;108,75 €;117,55 €;120,44 €;123,61 €;95,38 €;91,40 €;121,83 €;124,68 €;145,87 €;144,20 €;157,66 €;154,12 €;148,76 €;129,10 €;114,26 €;122,64 €;144,61 €;149,41 €;156,38 €;160,52 €;145,96 €;163,97 €;161,81 €;155,89 €;170,87 €;169,74 €;174,41 €;185,82 €;177,16 €;168,28 €;181,57 €;175,09 €;172,75 €;185,24 €;190,12 €;189,02 €;189,02 €;191,18 €;219,33 €;208,07 €;185,86 €;176,00 €;211,21 €;207,78 €;179,52 €;160,17 €;168,56 €;181,25 €;178,11 €;187,13 €;171,12 €;152,37 €;159,62 €;155,17 €;146,15 €;;;;;;;;;;;;;;;;;;;;;;;;;;;;;;;;;;;;;;;;;;;;;;;;;;;;;;;
DB Schenker;Freight;v1;2001;2500;SHP;204,02 €;223,50 €;216,10 €;201,62 €;190,29 €;200,65 €;210,80 €;202,34 €;182,99 €;188,35 €;182,99 €;186,91 €;197,15 €;200,84 €;210,31 €;210,99 €;184,54 €;156,19 €;155,82 €;156,19 €;185,47 €;172,72 €;171,84 €;134,92 €;144,29 €;134,92 €;166,31 €;133,02 €;148,74 €;120,74 €;138,40 €;142,98 €;165,78 €;176,55 €;171,10 €;162,59 €;164,35 €;144,77 €;163,22 €;137,91 €;130,06 €;142,15 €;144,92 €;148,86 €;113,29 €;107,76 €;146,43 €;150,64 €;176,44 €;174,15 €;191,42 €;187,46 €;180,59 €;156,40 €;137,30 €;147,89 €;174,60 €;181,76 €;188,55 €;195,63 €;177,00 €;200,26 €;197,25 €;189,05 €;206,94 €;206,90 €;212,95 €;225,55 €;215,24 €;205,74 €;220,24 €;212,74 €;211,21 €;226,81 €;232,71 €;231,26 €;231,26 €;233,98 €;270,00 €;253,88 €;225,39 €;214,58 €;257,51 €;254,41 €;219,32 €;194,44 €;204,44 €;220,39 €;218,01 €;229,52 €;206,04 €;185,02 €;194,79 €;189,05 €;178,06 €;;;;;;;;;;;;;;;;;;;;;;;;;;;;;;;;;;;;;;;;;;;;;;;;;;;;;;;
DB Schenker;Freight;v1;2501;3000;SHP;233,43 €;258,01 €;249,52 €;230,56 €;217,14 €;230,02 €;241,70 €;231,47 €;208,20 €;214,31 €;208,20 €;213,08 €;224,96 €;230,20 €;241,93 €;242,76 €;210,23 €;174,90 €;175,46 €;174,90 €;210,86 €;194,93 €;194,40 €;150,12 €;161,36 €;150,12 €;189,31 €;147,99 €;166,61 €;135,09 €;154,43 €;160,06 €;186,89 €;200,80 €;194,49 €;185,04 €;185,79 €;161,51 €;180,47 €;153,62 €;144,25 €;158,37 €;161,73 €;166,44 €;126,25 €;119,78 €;163,92 €;168,59 €;192,85 €;197,46 €;217,52 €;212,85 €;205,00 €;175,58 €;152,78 €;165,88 €;197,23 €;205,47 €;214,94 €;222,45 €;200,02 €;228,35 €;224,49 €;215,13 €;237,02 €;235,92 €;243,46 €;259,39 €;246,44 €;234,77 €;252,56 €;243,79 €;241,43 €;260,14 €;267,16 €;264,83 €;264,83 €;268,55 €;310,20 €;292,75 €;258,70 €;245,71 €;297,03 €;292,68 €;251,24 €;221,68 €;234,16 €;253,45 €;249,81 €;263,74 €;237,39 €;210,63 €;222,11 €;215,24 €;201,84 €;;;;;;;;;;;;;;;;;;;;;;;;;;;;;;;;;;;;;;;;;;;;;;;;;;;;;;;
DB Schenker;Freight;v1;3001;4000;SHP;462,48 €;498,23 €;498,23 €;356,36 €;332,89 €;356,36 €;379,82 €;392,11 €;320,61 €;320,61 €;320,61 €;284,86 €;356,36 €;356,36 €;392,11 €;392,11 €;320,61 €;237,95 €;237,95 €;237,95 €;308,33 €;356,36 €;356,36 €;213,37 €;213,37 €;202,19 €;237,95 €;202,19 €;213,37 €;202,19 €;202,19 €;261,40 €;261,40 €;284,86 €;272,57 €;237,95 €;272,57 €;237,95 €;249,11 €;237,95 €;213,37 €;213,37 €;213,37 €;237,95 €;177,62 €;202,19 €;249,11 €;249,11 €;272,57 €;272,57 €;320,61 €;320,61 €;308,33 €;272,57 €;237,95 €;213,37 €;308,33 €;308,33 €;332,89 €;344,07 €;308,33 €;344,07 €;344,07 €;344,07 €;344,07 €;427,85 €;427,85 €;439,03 €;439,03 €;356,36 €;356,36 €;356,36 €;403,27 €;439,03 €;439,03 €;533,97 €;533,97 €;557,44 €;593,19 €;560,81 €;522,81 €;522,81 €;546,26 €;546,26 €;439,03 €;439,03 €;439,03 €;451,32 €;474,77 €;498,23 €;403,27 €;379,82 €;332,89 €;308,33 €;308,33 €;;;;;;;;;;;;;;;;;;;;;;;;;;;;;;;;;;;;;;;;;;;;;;;;;;;;;;;
DB Schenker;Freight;v1;4001;5000;SHP;480,36 €;516,11 €;516,11 €;374,23 €;344,07 €;374,23 €;397,69 €;409,98 €;332,89 €;332,89 €;332,89 €;302,74 €;379,82 €;379,82 €;409,98 €;409,98 €;338,48 €;249,11 €;249,11 €;249,11 €;326,19 €;367,53 €;367,53 €;225,66 €;225,66 €;220,07 €;249,11 €;220,07 €;231,24 €;213,37 €;213,37 €;272,57 €;272,57 €;302,74 €;290,45 €;249,11 €;284,86 €;249,11 €;266,99 €;249,11 €;225,66 €;225,66 €;225,66 €;249,11 €;184,32 €;207,78 €;266,99 €;266,99 €;284,86 €;284,86 €;332,89 €;332,89 €;320,61 €;284,86 €;249,11 €;225,66 €;320,61 €;320,61 €;344,07 €;356,36 €;320,61 €;374,23 €;367,53 €;367,53 €;367,53 €;444,61 €;444,61 €;456,90 €;456,90 €;379,82 €;379,82 €;379,82 €;415,56 €;444,61 €;444,61 €;551,85 €;551,85 €;569,73 €;611,06 €;572,27 €;539,56 €;539,56 €;564,14 €;564,14 €;456,90 €;456,90 €;456,90 €;469,18 €;492,64 €;516,11 €;427,85 €;397,69 €;344,07 €;320,61 €;320,61 €;;;;;;;;;;;;;;;;;;;;;;;;;;;;;;;;;;;;;;;;;;;;;;;;;;;;;;;
DB Schenker;Freight;v1;5001;6000;SHP;498,23 €;533,97 €;533,97 €;392,11 €;356,36 €;392,11 €;415,56 €;427,85 €;344,07 €;344,07 €;344,07 €;320,61 €;403,27 €;403,27 €;427,85 €;427,85 €;356,36 €;261,40 €;261,40 €;261,40 €;344,07 €;379,82 €;379,82 €;237,95 €;237,95 €;237,95 €;261,40 €;237,95 €;249,11 €;225,66 €;225,66 €;284,86 €;284,86 €;320,61 €;308,33 €;261,40 €;297,15 €;261,40 €;284,86 €;261,40 €;237,95 €;237,95 €;237,95 €;261,40 €;189,91 €;213,37 €;284,86 €;284,86 €;297,15 €;297,15 €;344,07 €;344,07 €;332,89 €;297,15 €;261,40 €;237,95 €;332,89 €;332,89 €;356,36 €;367,53 €;332,89 €;403,27 €;392,11 €;392,11 €;392,11 €;462,48 €;462,48 €;474,77 €;474,77 €;403,27 €;403,27 €;403,27 €;427,85 €;451,32 €;451,32 €;569,73 €;569,73 €;582,02 €;628,93 €;583,94 €;557,44 €;557,44 €;582,02 €;582,02 €;474,77 €;474,77 €;474,77 €;487,06 €;510,52 €;533,97 €;451,32 €;415,56 €;356,36 €;332,89 €;332,89 €;;;;;;;;;;;;;;;;;;;;;;;;;;;;;;;;;;;;;;;;;;;;;;;;;;;;;;;
DB Schenker;Freight;v1;6001;7000;SHP;516,11 €;551,85 €;551,85 €;421,15 €;385,40 €;421,15 €;444,61 €;462,48 €;361,94 €;361,94 €;361,94 €;332,89 €;421,15 €;421,15 €;451,32 €;451,32 €;392,11 €;279,28 €;279,28 €;279,28 €;367,53 €;403,27 €;403,27 €;261,40 €;261,40 €;249,11 €;272,57 €;249,11 €;261,40 €;243,53 €;243,53 €;297,15 €;297,15 €;326,19 €;320,61 €;272,57 €;315,03 €;272,57 €;297,15 €;272,57 €;249,11 €;249,11 €;249,11 €;272,57 €;195,49 €;225,66 €;297,15 €;297,15 €;315,03 €;315,03 €;361,94 €;361,94 €;344,07 €;308,33 €;272,57 €;249,11 €;344,07 €;344,07 €;367,53 €;379,82 €;344,07 €;415,56 €;397,69 €;397,69 €;397,69 €;487,06 €;487,06 €;504,93 €;504,93 €;409,98 €;409,98 €;409,98 €;430,00 €;462,48 €;462,48 €;582,02 €;582,02 €;599,89 €;641,22 €;595,86 €;569,73 €;569,73 €;593,19 €;593,19 €;504,93 €;504,93 €;504,93 €;516,11 €;533,97 €;564,14 €;480,36 €;433,44 €;385,40 €;356,36 €;356,36 €;;;;;;;;;;;;;;;;;;;;;;;;;;;;;;;;;;;;;;;;;;;;;;;;;;;;;;;
DB Schenker;Freight;v1;7001;8000;SHP;533,97 €;569,73 €;569,73 €;451,32 €;415,56 €;451,32 €;474,77 €;498,23 €;379,82 €;379,82 €;379,82 €;344,07 €;439,03 €;439,03 €;474,77 €;474,77 €;427,85 €;297,15 €;297,15 €;297,15 €;392,11 €;427,85 €;427,85 €;284,86 €;284,86 €;261,40 €;284,86 €;261,40 €;272,57 €;261,40 €;261,40 €;308,33 €;308,33 €;332,89 €;332,89 €;284,86 €;332,89 €;284,86 €;308,33 €;284,86 €;261,40 €;261,40 €;261,40 €;284,86 €;202,19 €;237,95 €;308,33 €;308,33 €;332,89 €;332,89 €;379,82 €;379,82 €;356,36 €;320,61 €;284,86 €;261,40 €;356,36 €;356,36 €;379,82 €;392,11 €;356,36 €;427,85 €;403,27 €;403,27 €;403,27 €;510,52 €;510,52 €;533,97 €;533,97 €;415,56 €;415,56 €;415,56 €;432,00 €;474,77 €;474,77 €;593,19 €;593,19 €;617,76 €;652,39 €;608,02 €;582,02 €;582,02 €;605,47 €;605,47 €;533,97 €;533,97 €;533,97 €;546,26 €;557,44 €;593,19 €;510,52 €;451,32 €;415,56 €;379,82 €;379,82 €;;;;;;;;;;;;;;;;;;;;;;;;;;;;;;;;;;;;;;;;;;;;;;;;;;;;;;;
DB Schenker;Freight;v1;8001;9000;SHP;546,26 €;580,90 €;580,90 €;470,31 €;424,51 €;470,31 €;493,76 €;511,64 €;395,46 €;395,46 €;395,46 €;354,13 €;446,84 €;446,84 €;488,17 €;488,17 €;435,67 €;301,62 €;301,62 €;301,62 €;401,04 €;430,08 €;430,08 €;296,04 €;296,04 €;266,99 €;301,62 €;266,99 €;284,86 €;281,11 €;281,11 €;319,49 €;319,49 €;342,95 €;337,37 €;301,62 €;348,54 €;290,45 €;313,90 €;290,45 €;266,99 €;266,99 €;266,99 €;290,45 €;203,31 €;243,53 €;313,90 €;313,90 €;337,37 €;337,37 €;388,75 €;388,75 €;359,71 €;330,66 €;290,45 €;266,99 €;359,71 €;359,71 €;383,17 €;395,46 €;359,71 €;430,08 €;406,63 €;406,63 €;406,63 €;517,22 €;517,22 €;540,68 €;540,68 €;417,79 €;417,79 €;417,79 €;434,00 €;475,88 €;475,88 €;615,53 €;615,53 €;633,40 €;668,03 €;620,43 €;586,48 €;586,48 €;609,94 €;609,94 €;540,68 €;540,68 €;540,68 €;551,85 €;563,02 €;609,94 €;511,64 €;464,72 €;430,08 €;395,46 €;395,46 €;;;;;;;;;;;;;;;;;;;;;;;;;;;;;;;;;;;;;;;;;;;;;;;;;;;;;;;
DB Schenker;Freight;v1;9001;10000;SHP;569,73 €;604,35 €;604,35 €;499,35 €;441,26 €;499,35 €;522,81 €;533,97 €;417,79 €;417,79 €;417,79 €;371,99 €;464,72 €;464,72 €;511,64 €;511,64 €;453,55 €;313,90 €;313,90 €;313,90 €;417,79 €;441,26 €;441,26 €;313,90 €;313,90 €;279,28 €;325,08 €;279,28 €;301,62 €;286,84 €;286,84 €;337,37 €;337,37 €;359,71 €;348,54 €;325,08 €;371,99 €;301,62 €;325,08 €;301,62 €;279,28 €;279,28 €;279,28 €;301,62 €;208,90 €;255,81 €;325,08 €;325,08 €;348,54 €;348,54 €;406,63 €;406,63 €;371,99 €;348,54 €;301,62 €;279,28 €;371,99 €;371,99 €;395,46 €;406,63 €;371,99 €;441,26 €;417,79 €;417,79 €;417,79 €;533,97 €;533,97 €;557,44 €;557,44 €;430,08 €;430,08 €;430,08 €;441,26 €;488,17 €;488,17 €;650,15 €;650,15 €;662,44 €;697,08 €;626,69 €;604,35 €;604,35 €;627,82 €;627,82 €;557,44 €;557,44 €;557,44 €;569,73 €;580,90 €;638,99 €;522,81 €;488,17 €;453,55 €;417,79 €;417,79 €;;;;;;;;;;;;;;;;;;;;;;;;;;;;;;;;;;;;;;;;;;;;;;;;;;;;;;;
DB Schenker;Freight;v1;10001;11000;SHP;598,77 €;633,40 €;633,40 €;517,22 €;464,72 €;517,22 €;540,68 €;551,85 €;464,72 €;464,72 €;464,72 €;417,79 €;499,35 €;499,35 €;533,97 €;533,97 €;470,31 €;330,66 €;330,66 €;330,66 €;430,08 €;464,72 €;464,72 €;330,66 €;330,66 €;290,45 €;342,95 €;290,45 €;313,90 €;292,70 €;292,70 €;348,54 €;348,54 €;377,58 €;359,71 €;337,37 €;395,46 €;313,90 €;348,54 €;313,90 €;296,04 €;296,04 €;296,04 €;319,49 €;221,19 €;261,40 €;348,54 €;348,54 €;366,42 €;366,42 €;417,79 €;417,79 €;388,75 €;359,71 €;313,90 €;296,04 €;388,75 €;388,75 €;412,22 €;424,51 €;388,75 €;464,72 €;441,26 €;441,26 €;441,26 €;551,85 €;551,85 €;580,90 €;580,90 €;459,13 €;459,13 €;459,13 €;482,59 €;517,22 €;517,22 €;673,62 €;673,62 €;691,49 €;731,71 €;659,67 €;638,99 €;638,99 €;656,86 €;656,86 €;580,90 €;580,90 €;580,90 €;592,06 €;598,77 €;644,57 €;533,97 €;504,93 €;464,72 €;430,08 €;430,08 €;;;;;;;;;;;;;;;;;;;;;;;;;;;;;;;;;;;;;;;;;;;;;;;;;;;;;;;
DB Schenker;Freight;v1;11001;12000;SHP;627,82 €;662,44 €;662,44 €;533,97 €;488,17 €;533,97 €;557,44 €;569,73 €;511,64 €;511,64 €;511,64 €;464,72 €;533,97 €;533,97 €;557,44 €;557,44 €;488,17 €;348,54 €;348,54 €;348,54 €;441,26 €;488,17 €;488,17 €;348,54 €;348,54 €;301,62 €;359,71 €;301,62 €;325,08 €;298,68 €;298,68 €;359,71 €;359,71 €;395,46 €;371,99 €;348,54 €;417,79 €;325,08 €;371,99 €;325,08 €;313,90 €;313,90 €;313,90 €;337,37 €;232,36 €;266,99 €;371,99 €;371,99 €;383,17 €;383,17 €;430,08 €;430,08 €;406,63 €;371,99 €;325,08 €;313,90 €;406,63 €;406,63 €;430,08 €;441,26 €;406,63 €;488,17 €;464,72 €;464,72 €;464,72 €;569,73 €;569,73 €;604,35 €;604,35 €;488,17 €;488,17 €;488,17 €;522,81 €;546,26 €;546,26 €;697,08 €;697,08 €;720,53 €;766,33 €;701,78 €;673,62 €;673,62 €;685,91 €;685,91 €;604,35 €;604,35 €;604,35 €;615,53 €;615,53 €;650,15 €;546,26 €;522,81 €;475,88 €;441,26 €;441,26 €;;;;;;;;;;;;;;;;;;;;;;;;;;;;;;;;;;;;;;;;;;;;;;;;;;;;;;;
DB Schenker;Freight;v1;12001;13000;SHP;644,57 €;673,62 €;673,62 €;551,85 €;511,64 €;551,85 €;569,73 €;586,48 €;533,97 €;533,97 €;533,97 €;499,35 €;557,44 €;557,44 €;592,06 €;592,06 €;511,64 €;366,42 €;366,42 €;366,42 €;453,55 €;517,22 €;517,22 €;359,71 €;359,71 €;313,90 €;377,58 €;319,49 €;342,95 €;304,77 €;304,77 €;383,17 €;383,17 €;412,22 €;383,17 €;366,42 €;435,67 €;337,37 €;377,58 €;337,37 €;325,08 €;325,08 €;325,08 €;348,54 €;243,53 €;272,57 €;377,58 €;377,58 €;395,46 €;395,46 €;441,26 €;441,26 €;417,79 €;388,75 €;337,37 €;325,08 €;417,79 €;417,79 €;446,84 €;459,13 €;417,79 €;504,93 €;475,88 €;475,88 €;475,88 €;586,48 €;586,48 €;615,53 €;615,53 €;499,35 €;499,35 €;499,35 €;546,26 €;592,06 €;592,06 €;720,53 €;720,53 €;737,29 €;789,80 €;716,11 €;685,91 €;685,91 €;702,66 €;702,66 €;615,53 €;615,53 €;615,53 €;633,40 €;638,99 €;697,08 €;563,02 €;533,97 €;499,35 €;453,55 €;453,55 €;;;;;;;;;;;;;;;;;;;;;;;;;;;;;;;;;;;;;;;;;;;;;;;;;;;;;;;
DB Schenker;Freight;v1;13001;14000;SHP;662,44 €;685,91 €;685,91 €;569,73 €;533,97 €;569,73 €;580,90 €;604,35 €;557,44 €;557,44 €;557,44 €;533,97 €;580,90 €;580,90 €;627,82 €;627,82 €;533,97 €;383,17 €;383,17 €;383,17 €;464,72 €;546,26 €;546,26 €;371,99 €;371,99 €;325,08 €;395,46 €;337,37 €;359,71 €;310,99 €;310,99 €;406,63 €;406,63 €;430,08 €;395,46 €;383,17 €;453,55 €;348,54 €;383,17 €;348,54 €;337,37 €;337,37 €;337,37 €;359,71 €;255,81 €;279,28 €;383,17 €;383,17 €;406,63 €;406,63 €;453,55 €;453,55 €;430,08 €;406,63 €;348,54 €;337,37 €;430,08 €;430,08 €;464,72 €;475,88 €;430,08 €;522,81 €;488,17 €;488,17 €;488,17 €;604,35 €;604,35 €;627,82 €;627,82 €;511,64 €;511,64 €;511,64 €;569,73 €;638,99 €;638,99 €;744,00 €;744,00 €;755,17 €;813,25 €;730,72 €;697,08 €;697,08 €;720,53 €;720,53 €;627,82 €;627,82 €;627,82 €;650,15 €;662,44 €;744,00 €;580,90 €;546,26 €;522,81 €;464,72 €;464,72 €;;;;;;;;;;;;;;;;;;;;;;;;;;;;;;;;;;;;;;;;;;;;;;;;;;;;;;;
DB Schenker;Freight;v1;14001;15000;SHP;685,91 €;714,95 €;714,95 €;586,48 €;551,85 €;586,48 €;604,35 €;627,82 €;575,31 €;575,31 €;575,31 €;546,26 €;633,40 €;633,40 €;662,44 €;662,44 €;546,26 €;401,04 €;401,04 €;401,04 €;475,88 €;563,02 €;563,02 €;388,75 €;388,75 €;337,37 €;406,63 €;348,54 €;371,99 €;317,34 €;317,34 €;417,79 €;417,79 €;441,26 €;406,63 €;395,46 €;470,31 €;359,71 €;401,04 €;359,71 €;348,54 €;348,54 €;348,54 €;371,99 €;266,99 €;290,45 €;401,04 €;401,04 €;424,51 €;424,51 €;475,88 €;475,88 €;446,84 €;417,79 €;359,71 €;348,54 €;446,84 €;446,84 €;482,59 €;493,76 €;446,84 €;533,97 €;504,93 €;504,93 €;504,93 €;650,15 €;650,15 €;673,62 €;673,62 €;522,81 €;522,81 €;522,81 €;575,31 €;668,03 €;668,03 €;766,33 €;766,33 €;807,67 €;853,47 €;769,18 €;726,12 €;726,12 €;749,58 €;749,58 €;679,20 €;679,20 €;679,20 €;697,08 €;708,24 €;807,67 €;621,11 €;580,90 €;551,85 €;504,93 €;504,93 €;;;;;;;;;;;;;;;;;;;;;;;;;;;;;;;;;;;;;;;;;;;;;;;;;;;;;;;
DB Schenker;Freight;v1;15001;16000;SHP;708,24 €;744,00 €;744,00 €;604,35 €;569,73 €;604,35 €;627,82 €;650,15 €;592,06 €;592,06 €;592,06 €;557,44 €;685,91 €;685,91 €;697,08 €;697,08 €;557,44 €;417,79 €;417,79 €;417,79 €;488,17 €;580,90 €;580,90 €;406,63 €;406,63 €;348,54 €;417,79 €;359,71 €;383,17 €;323,81 €;323,81 €;430,08 €;430,08 €;453,55 €;417,79 €;406,63 €;488,17 €;371,99 €;417,79 €;371,99 €;359,71 €;359,71 €;359,71 €;383,17 €;279,28 €;301,62 €;417,79 €;417,79 €;441,26 €;441,26 €;499,35 €;499,35 €;464,72 €;430,08 €;371,99 €;359,71 €;464,72 €;464,72 €;499,35 €;511,64 €;464,72 €;546,26 €;522,81 €;522,81 €;522,81 €;697,08 €;697,08 €;720,53 €;720,53 €;533,97 €;533,97 €;533,97 €;580,90 €;697,08 €;697,08 €;789,80 €;789,80 €;860,18 €;894,80 €;836,07 €;755,17 €;755,17 €;778,62 €;778,62 €;731,71 €;731,71 €;731,71 €;744,00 €;755,17 €;871,34 €;662,44 €;615,53 €;580,90 €;546,26 €;546,26 €;;;;;;;;;;;;;;;;;;;;;;;;;;;;;;;;;;;;;;;;;;;;;;;;;;;;;;;
DB Schenker;Freight;v1;16001;17000;SHP;731,71 €;773,04 €;773,04 €;627,82 €;586,48 €;627,82 €;650,15 €;668,03 €;615,53 €;615,53 €;615,53 €;580,90 €;708,24 €;708,24 €;731,71 €;731,71 €;569,73 €;441,26 €;441,26 €;441,26 €;504,93 €;592,06 €;592,06 €;417,79 €;417,79 €;359,71 €;441,26 €;366,42 €;388,75 €;330,42 €;330,42 €;441,26 €;441,26 €;464,72 €;430,08 €;424,51 €;511,64 €;383,17 €;430,08 €;383,17 €;371,99 €;371,99 €;371,99 €;395,46 €;290,45 €;313,90 €;430,08 €;430,08 €;453,55 €;453,55 €;517,22 €;517,22 €;488,17 €;441,26 €;383,17 €;371,99 €;488,17 €;488,17 €;522,81 €;533,97 €;488,17 €;575,31 €;546,26 €;546,26 €;546,26 €;726,12 €;726,12 €;744,00 €;744,00 €;563,02 €;563,02 €;563,02 €;609,94 €;726,12 €;726,12 €;831,13 €;831,13 €;882,51 €;929,43 €;853,12 €;784,21 €;784,21 €;818,84 €;818,84 €;773,04 €;773,04 €;773,04 €;766,33 €;778,62 €;923,85 €;691,49 €;638,99 €;598,77 €;563,02 €;563,02 €;;;;;;;;;;;;;;;;;;;;;;;;;;;;;;;;;;;;;;;;;;;;;;;;;;;;;;;
DB Schenker;Freight;v1;17001;18000;SHP;755,17 €;802,09 €;802,09 €;650,15 €;604,35 €;650,15 €;673,62 €;685,91 €;638,99 €;638,99 €;638,99 €;604,35 €;731,71 €;731,71 €;766,33 €;766,33 €;580,90 €;464,72 €;464,72 €;464,72 €;522,81 €;604,35 €;604,35 €;430,08 €;430,08 €;371,99 €;464,72 €;371,99 €;395,46 €;367,13 €;367,13 €;453,55 €;453,55 €;475,88 €;441,26 €;441,26 €;533,97 €;395,46 €;441,26 €;395,46 €;383,17 €;383,17 €;383,17 €;406,63 €;301,62 €;325,08 €;441,26 €;441,26 €;464,72 €;464,72 €;533,97 €;533,97 €;511,64 €;453,55 €;395,46 €;383,17 €;511,64 €;511,64 €;546,26 €;557,44 €;511,64 €;604,35 €;569,73 €;569,73 €;569,73 €;755,17 €;755,17 €;766,33 €;766,33 €;592,06 €;592,06 €;592,06 €;638,99 €;755,17 €;755,17 €;871,34 €;871,34 €;905,98 €;964,07 €;870,54 €;813,25 €;813,25 €;860,18 €;860,18 €;813,25 €;813,25 €;813,25 €;789,80 €;802,09 €;976,36 €;720,53 €;662,44 €;615,53 €;580,90 €;580,90 €;;;;;;;;;;;;;;;;;;;;;;;;;;;;;;;;;;;;;;;;;;;;;;;;;;;;;;;
DB Schenker;Freight;v1;18001;19000;SHP;765,22 €;811,02 €;811,02 €;666,91 €;615,53 €;666,91 €;690,38 €;707,13 €;650,15 €;650,15 €;650,15 €;615,53 €;741,76 €;741,76 €;794,27 €;794,27 €;598,77 €;483,71 €;483,71 €;483,71 €;551,85 €;626,70 €;626,70 €;436,79 €;436,79 €;379,82 €;494,88 €;379,82 €;403,27 €;374,63 €;374,63 €;465,84 €;465,84 €;489,30 €;449,07 €;449,07 €;546,26 €;408,86 €;449,07 €;408,86 €;390,98 €;390,98 €;390,98 €;414,45 €;304,97 €;328,43 €;449,07 €;449,07 €;471,42 €;471,42 €;551,85 €;551,85 €;529,51 €;465,84 €;408,86 €;390,98 €;529,51 €;529,51 €;564,14 €;580,90 €;529,51 €;626,70 €;592,06 €;592,06 €;592,06 €;776,39 €;776,39 €;794,27 €;794,27 €;615,53 €;615,53 €;615,53 €;661,33 €;776,39 €;776,39 €;903,74 €;903,74 €;937,26 €;995,35 €;888,31 €;845,65 €;845,65 €;903,74 €;903,74 €;840,07 €;840,07 €;840,07 €;824,42 €;847,89 €;1.022,16 €;737,29 €;691,49 €;638,99 €;609,94 €;609,94 €;;;;;;;;;;;;;;;;;;;;;;;;;;;;;;;;;;;;;;;;;;;;;;;;;;;;;;;
DB Schenker;Freight;v1;19001;20000;SHP;781,98 €;828,90 €;828,90 €;690,38 €;633,40 €;690,38 €;713,83 €;736,18 €;666,91 €;666,91 €;666,91 €;633,40 €;759,63 €;759,63 €;828,90 €;828,90 €;621,11 €;506,05 €;506,05 €;506,05 €;586,48 €;655,74 €;655,74 €;449,07 €;449,07 €;390,98 €;529,51 €;390,98 €;414,45 €;382,27 €;382,27 €;483,71 €;483,71 €;506,05 €;460,25 €;460,25 €;564,14 €;425,62 €;460,25 €;425,62 €;403,27 €;403,27 €;403,27 €;425,62 €;310,56 €;334,02 €;460,25 €;460,25 €;483,71 €;483,71 €;575,31 €;575,31 €;551,85 €;483,71 €;425,62 €;403,27 €;551,85 €;551,85 €;586,48 €;609,94 €;551,85 €;655,74 €;621,11 €;621,11 €;621,11 €;805,43 €;805,43 €;828,90 €;828,90 €;644,57 €;644,57 €;644,57 €;690,38 €;805,43 €;805,43 €;943,96 €;943,96 €;978,59 €;1.035,56 €;955,16 €;885,87 €;885,87 €;955,12 €;955,12 €;874,70 €;874,70 €;874,70 €;860,18 €;894,80 €;1.069,07 €;755,17 €;720,53 €;662,44 €;638,99 €;638,99 €;;;;;;;;;;;;;;;;;;;;;;;;;;;;;;;;;;;;;;;;;;;;;;;;;;;;;;;
DB Schenker;Freight;v1;20001;21000;SHP;811,02 €;851,23 €;851,23 €;707,13 €;650,15 €;707,13 €;736,18 €;765,22 €;695,95 €;695,95 €;695,95 €;655,74 €;781,98 €;781,98 €;856,82 €;856,82 €;644,57 €;523,93 €;523,93 €;523,93 €;609,94 €;673,62 €;673,62 €;460,25 €;460,25 €;403,27 €;540,68 €;403,27 €;425,62 €;390,08 €;390,08 €;494,88 €;494,88 €;518,34 €;471,42 €;477,01 €;586,48 €;443,49 €;477,01 €;443,49 €;414,45 €;414,45 €;414,45 €;443,49 €;316,14 €;339,60 €;477,01 €;477,01 €;506,05 €;506,05 €;592,06 €;592,06 €;569,73 €;494,88 €;443,49 €;414,45 €;569,73 €;569,73 €;609,94 €;633,40 €;569,73 €;695,95 €;638,99 €;638,99 €;638,99 €;834,48 €;834,48 €;856,82 €;856,82 €;661,33 €;661,33 €;661,33 €;730,59 €;845,65 €;845,65 €;1.024,39 €;1.024,39 €;1.059,01 €;1.139,45 €;974,66 €;931,67 €;931,67 €;995,35 €;995,35 €;897,03 €;897,03 €;897,03 €;889,22 €;911,56 €;1.098,11 €;784,21 €;755,17 €;691,49 €;668,03 €;668,03 €;;;;;;;;;;;;;;;;;;;;;;;;;;;;;;;;;;;;;;;;;;;;;;;;;;;;;;;
DB Schenker;Freight;v1;21001;22000;SHP;840,07 €;874,70 €;874,70 €;725,00 €;666,91 €;725,00 €;759,63 €;794,27 €;725,00 €;725,00 €;725,00 €;679,20 €;805,43 €;805,43 €;885,87 €;885,87 €;666,91 €;540,68 €;540,68 €;540,68 €;633,40 €;690,38 €;690,38 €;471,42 €;471,42 €;414,45 €;551,85 €;414,45 €;436,79 €;398,04 €;398,04 €;506,05 €;506,05 €;529,51 €;483,71 €;494,88 €;609,94 €;460,25 €;494,88 €;460,25 €;425,62 €;425,62 €;425,62 €;460,25 €;321,73 €;345,18 €;494,88 €;494,88 €;529,51 €;529,51 €;609,94 €;609,94 €;586,48 €;506,05 €;460,25 €;425,62 €;586,48 €;586,48 €;633,40 €;655,74 €;586,48 €;736,18 €;655,74 €;655,74 €;655,74 €;863,52 €;863,52 €;885,87 €;885,87 €;679,20 €;679,20 €;679,20 €;770,81 €;885,87 €;885,87 €;1.104,81 €;1.104,81 €;1.139,45 €;1.242,23 €;994,55 €;978,59 €;978,59 €;1.035,56 €;1.035,56 €;920,50 €;920,50 €;920,50 €;918,27 €;929,43 €;1.127,16 €;813,25 €;789,80 €;720,53 €;697,08 €;697,08 €;;;;;;;;;;;;;;;;;;;;;;;;;;;;;;;;;;;;;;;;;;;;;;;;;;;;;;;
DB Schenker;Freight;v1;22001;23000;SHP;863,52 €;909,32 €;909,32 €;748,46 €;690,38 €;748,46 €;781,98 €;816,61 €;748,46 €;748,46 €;748,46 €;707,13 €;834,48 €;834,48 €;937,26 €;937,26 €;679,20 €;551,85 €;551,85 €;551,85 €;655,74 €;701,54 €;701,54 €;489,30 €;489,30 €;425,62 €;564,14 €;431,21 €;460,25 €;406,16 €;406,16 €;523,93 €;523,93 €;551,85 €;506,05 €;500,46 €;638,99 €;477,01 €;511,64 €;477,01 €;436,79 €;436,79 €;436,79 €;477,01 €;334,02 €;356,36 €;511,64 €;511,64 €;546,26 €;546,26 €;633,40 €;633,40 €;609,94 €;529,51 €;477,01 €;436,79 €;609,94 €;609,94 €;655,74 €;673,62 €;609,94 €;759,63 €;684,79 €;684,79 €;684,79 €;880,28 €;880,28 €;897,03 €;897,03 €;730,59 €;730,59 €;730,59 €;799,85 €;931,67 €;931,67 €;1.121,58 €;1.121,58 €;1.156,20 €;1.289,14 €;1.014,85 €;1.006,51 €;1.006,51 €;1.064,60 €;1.064,60 €;937,26 €;937,26 €;937,26 €;940,60 €;964,07 €;1.190,84 €;842,30 €;813,25 €;749,58 €;720,53 €;720,53 €;;;;;;;;;;;;;;;;;;;;;;;;;;;;;;;;;;;;;;;;;;;;;;;;;;;;;;;
DB Schenker;Freight;v1;23001;25000;SHP;885,87 €;943,96 €;943,96 €;770,81 €;713,83 €;770,81 €;805,43 €;840,07 €;770,81 €;770,81 €;770,81 €;736,18 €;863,52 €;863,52 €;989,76 €;989,76 €;690,38 €;564,14 €;564,14 €;564,14 €;679,20 €;713,83 €;713,83 €;506,05 €;506,05 €;436,79 €;575,31 €;449,07 €;483,71 €;414,45 €;414,45 €;540,68 €;540,68 €;575,31 €;529,51 €;506,05 €;666,91 €;494,88 €;529,51 €;494,88 €;449,07 €;449,07 €;449,07 €;494,88 €;345,18 €;368,65 €;529,51 €;529,51 €;564,14 €;564,14 €;655,74 €;655,74 €;633,40 €;551,85 €;494,88 €;449,07 €;633,40 €;633,40 €;679,20 €;690,38 €;633,40 €;781,98 €;713,83 €;713,83 €;713,83 €;897,03 €;897,03 €;909,32 €;909,32 €;781,98 €;781,98 €;781,98 €;828,90 €;978,59 €;978,59 €;1.139,45 €;1.139,45 €;1.174,08 €;1.334,94 €;1.035,56 €;1.035,56 €;1.035,56 €;1.093,65 €;1.093,65 €;955,12 €;955,12 €;955,12 €;964,07 €;998,69 €;1.254,52 €;871,34 €;836,71 €;778,62 €;744,00 €;744,00 €;;;;;;;;;;;;;;;;;;;;;;;;;;;;;;;;;;;;;;;;;;;;;;;;;;;;;;;
;;;;;;;;;;;;;;;;;;;;;;;;;;;;;;;;;;;;;;;;;;;;;;;;;;;;;;;;;;;;;;;;;;;;;;;;;;;;;;;;;;;;;;;;;;;;;;;;;;;;;;;;;;;;;;;;;;;;;;;;;;;;;;;;;;;;;;;;;;;;;;;;;;;;;;;;;;;
Hartmann;Freight;v1;1;4000;SHP;235,40 €;280,40 €;300,41 €;384,14 €;445,10 €;467,50 €;;;;;;;;;;;;;;;;;;;;;;;;;;;;;;;;;;;;;;;;;;;;;;;;;;;;;;;;;;;;;;;;;;;;;;;;;;;;;;;;;;;;;;;;;;;;;;;;;;;;;;;;;;;;;;;;;;;;;;;;;;;;;;;;;;;;;;;;;;;;;;;;
Hartmann;Freight;v1;4001;5000;SHP;245,80 €;300,20 €;320,55 €;424,48 €;490,57 €;515,14 €;;;;;;;;;;;;;;;;;;;;;;;;;;;;;;;;;;;;;;;;;;;;;;;;;;;;;;;;;;;;;;;;;;;;;;;;;;;;;;;;;;;;;;;;;;;;;;;;;;;;;;;;;;;;;;;;;;;;;;;;;;;;;;;;;;;;;;;;;;;;;;;;
Hartmann;Freight;v1;5001;6000;SHP;260,10 €;315,88 €;336,17 €;460,88 €;521,11 €;555,55 €;;;;;;;;;;;;;;;;;;;;;;;;;;;;;;;;;;;;;;;;;;;;;;;;;;;;;;;;;;;;;;;;;;;;;;;;;;;;;;;;;;;;;;;;;;;;;;;;;;;;;;;;;;;;;;;;;;;;;;;;;;;;;;;;;;;;;;;;;;;;;;;;
Hartmann;Freight;v1;6001;7000;SHP;265,40 €;330,49 €;345,14 €;505,55 €;565,11 €;605,81 €;;;;;;;;;;;;;;;;;;;;;;;;;;;;;;;;;;;;;;;;;;;;;;;;;;;;;;;;;;;;;;;;;;;;;;;;;;;;;;;;;;;;;;;;;;;;;;;;;;;;;;;;;;;;;;;;;;;;;;;;;;;;;;;;;;;;;;;;;;;;;;;;
Hartmann;Freight;v1;7001;8000;SHP;270,30 €;355,77 €;375,77 €;545,12 €;617,24 €;670,54 €;;;;;;;;;;;;;;;;;;;;;;;;;;;;;;;;;;;;;;;;;;;;;;;;;;;;;;;;;;;;;;;;;;;;;;;;;;;;;;;;;;;;;;;;;;;;;;;;;;;;;;;;;;;;;;;;;;;;;;;;;;;;;;;;;;;;;;;;;;;;;;;;
Hartmann;Freight;v1;8001;9000;SHP;279,40 €;375,10 €;400,80 €;595,55 €;687,00 €;737,77 €;;;;;;;;;;;;;;;;;;;;;;;;;;;;;;;;;;;;;;;;;;;;;;;;;;;;;;;;;;;;;;;;;;;;;;;;;;;;;;;;;;;;;;;;;;;;;;;;;;;;;;;;;;;;;;;;;;;;;;;;;;;;;;;;;;;;;;;;;;;;;;;;
Hartmann;Freight;v1;9001;10000;SHP;287,48 €;395,80 €;410,47 €;631,50 €;729,80 €;783,99 €;;;;;;;;;;;;;;;;;;;;;;;;;;;;;;;;;;;;;;;;;;;;;;;;;;;;;;;;;;;;;;;;;;;;;;;;;;;;;;;;;;;;;;;;;;;;;;;;;;;;;;;;;;;;;;;;;;;;;;;;;;;;;;;;;;;;;;;;;;;;;;;;
Hartmann;Freight;v1;10001;11000;SHP;298,40 €;400,10 €;425,80 €;660,80 €;845,55 €;870,99 €;;;;;;;;;;;;;;;;;;;;;;;;;;;;;;;;;;;;;;;;;;;;;;;;;;;;;;;;;;;;;;;;;;;;;;;;;;;;;;;;;;;;;;;;;;;;;;;;;;;;;;;;;;;;;;;;;;;;;;;;;;;;;;;;;;;;;;;;;;;;;;;;
Hartmann;Freight;v1;11001;12000;SHP;305,21 €;407,40 €;440,21 €;690,41 €;890,20 €;925,11 €;;;;;;;;;;;;;;;;;;;;;;;;;;;;;;;;;;;;;;;;;;;;;;;;;;;;;;;;;;;;;;;;;;;;;;;;;;;;;;;;;;;;;;;;;;;;;;;;;;;;;;;;;;;;;;;;;;;;;;;;;;;;;;;;;;;;;;;;;;;;;;;;
Hartmann;Freight;v1;12001;13000;SHP;318,52 €;415,99 €;456,17 €;715,45 €;915,50 €;949,99 €;;;;;;;;;;;;;;;;;;;;;;;;;;;;;;;;;;;;;;;;;;;;;;;;;;;;;;;;;;;;;;;;;;;;;;;;;;;;;;;;;;;;;;;;;;;;;;;;;;;;;;;;;;;;;;;;;;;;;;;;;;;;;;;;;;;;;;;;;;;;;;;;
Hartmann;Freight;v1;13001;14000;SHP;336,41 €;424,31 €;470,55 €;745,12 €;940,28 €;970,85 €;;;;;;;;;;;;;;;;;;;;;;;;;;;;;;;;;;;;;;;;;;;;;;;;;;;;;;;;;;;;;;;;;;;;;;;;;;;;;;;;;;;;;;;;;;;;;;;;;;;;;;;;;;;;;;;;;;;;;;;;;;;;;;;;;;;;;;;;;;;;;;;;
Hartmann;Freight;v1;14001;15000;SHP;352,51 €;430,27 €;482,17 €;768,22 €;965,12 €;1.015,28 €;;;;;;;;;;;;;;;;;;;;;;;;;;;;;;;;;;;;;;;;;;;;;;;;;;;;;;;;;;;;;;;;;;;;;;;;;;;;;;;;;;;;;;;;;;;;;;;;;;;;;;;;;;;;;;;;;;;;;;;;;;;;;;;;;;;;;;;;;;;;;;;;
Hartmann;Freight;v1;15001;16000;SHP;367,58 €;440,52 €;490,67 €;780,55 €;989,55 €;1.068,77 €;;;;;;;;;;;;;;;;;;;;;;;;;;;;;;;;;;;;;;;;;;;;;;;;;;;;;;;;;;;;;;;;;;;;;;;;;;;;;;;;;;;;;;;;;;;;;;;;;;;;;;;;;;;;;;;;;;;;;;;;;;;;;;;;;;;;;;;;;;;;;;;;
Hartmann;Freight;v1;16001;17000;SHP;378,20 €;450,81 €;500,24 €;801,22 €;1.014,12 €;1.101,41 €;;;;;;;;;;;;;;;;;;;;;;;;;;;;;;;;;;;;;;;;;;;;;;;;;;;;;;;;;;;;;;;;;;;;;;;;;;;;;;;;;;;;;;;;;;;;;;;;;;;;;;;;;;;;;;;;;;;;;;;;;;;;;;;;;;;;;;;;;;;;;;;;
Hartmann;Freight;v1;17001;18000;SHP;388,10 €;461,14 €;510,91 €;823,80 €;1.035,99 €;1.138,97 €;;;;;;;;;;;;;;;;;;;;;;;;;;;;;;;;;;;;;;;;;;;;;;;;;;;;;;;;;;;;;;;;;;;;;;;;;;;;;;;;;;;;;;;;;;;;;;;;;;;;;;;;;;;;;;;;;;;;;;;;;;;;;;;;;;;;;;;;;;;;;;;;
Hartmann;Freight;v1;18001;19000;SHP;399,50 €;475,60 €;518,44 €;846,14 €;1.065,47 €;1.159,65 €;;;;;;;;;;;;;;;;;;;;;;;;;;;;;;;;;;;;;;;;;;;;;;;;;;;;;;;;;;;;;;;;;;;;;;;;;;;;;;;;;;;;;;;;;;;;;;;;;;;;;;;;;;;;;;;;;;;;;;;;;;;;;;;;;;;;;;;;;;;;;;;;
Hartmann;Freight;v1;19001;20000;SHP;405,26 €;488,20 €;525,55 €;867,50 €;1.095,55 €;1.175,41 €;;;;;;;;;;;;;;;;;;;;;;;;;;;;;;;;;;;;;;;;;;;;;;;;;;;;;;;;;;;;;;;;;;;;;;;;;;;;;;;;;;;;;;;;;;;;;;;;;;;;;;;;;;;;;;;;;;;;;;;;;;;;;;;;;;;;;;;;;;;;;;;;
Hartmann;Freight;v1;20001;21000;SHP;405,26 €;488,20 €;525,55 €;867,50 €;1.095,55 €;1.175,41 €;;;;;;;;;;;;;;;;;;;;;;;;;;;;;;;;;;;;;;;;;;;;;;;;;;;;;;;;;;;;;;;;;;;;;;;;;;;;;;;;;;;;;;;;;;;;;;;;;;;;;;;;;;;;;;;;;;;;;;;;;;;;;;;;;;;;;;;;;;;;;;;;
Hartmann;Freight;v1;21001;22000;SHP;405,26 €;488,20 €;525,55 €;867,50 €;1.095,55 €;1.175,41 €;;;;;;;;;;;;;;;;;;;;;;;;;;;;;;;;;;;;;;;;;;;;;;;;;;;;;;;;;;;;;;;;;;;;;;;;;;;;;;;;;;;;;;;;;;;;;;;;;;;;;;;;;;;;;;;;;;;;;;;;;;;;;;;;;;;;;;;;;;;;;;;;
Hartmann;Freight;v1;22001;24000;SHP;405,26 €;488,20 €;525,55 €;867,50 €;1.095,55 €;1.175,41 €;;;;;;;;;;;;;;;;;;;;;;;;;;;;;;;;;;;;;;;;;;;;;;;;;;;;;;;;;;;;;;;;;;;;;;;;;;;;;;;;;;;;;;;;;;;;;;;;;;;;;;;;;;;;;;;;;;;;;;;;;;;;;;;;;;;;;;;;;;;;;;;;
;;;;;;;;;;;;;;;;;;;;;;;;;;;;;;;;;;;;;;;;;;;;;;;;;;;;;;;;;;;;;;;;;;;;;;;;;;;;;;;;;;;;;;;;;;;;;;;;;;;;;;;;;;;;;;;;;;;;;;;;;;;;;;;;;;;;;;;;;;;;;;;;;;;;;;;;;;;
Sievert;Freight;v2;1;4000;SHP;327,00 €;357,00 €;328,00 €;273,00 €;250,00 €;302,00 €;329,00 €;318,00 €;295,00 €;296,00 €;293,00 €;275,00 €;304,00 €;289,00 €;300,00 €;268,00 €;227,00 €;175,00 €;169,75 €;180,00 €;207,00 €;217,69 €;214,00 €;137,75 €;136,32 €;134,00 €;189,00 €;158,59 €;148,74 €;131,99 €;136,22 €;195,00 €;223,00 €;234,00 €;208,00 €;201,00 €;222,00 €;179,00 €;189,00 €;172,00 €;149,00 €;149,72 €;157,00 €;179,00 €;132,89 €;113,10 €;193,00 €;190,00 €;213,00 €;208,00 €;262,00 €;271,00 €;220,00 €;205,00 €;165,00 €;152,00 €;246,00 €;241,00 €;244,00 €;266,00 €;242,00 €;304,00 €;284,00 €;278,00 €;282,00 €;335,00 €;328,00 €;359,00 €;348,00 €;310,00 €;318,00 €;306,00 €;345,00 €;385,00 €;381,00 €;394,00 €;397,00 €;416,00 €;433,00 €;405,00 €;384,00 €;376,00 €;396,00 €;395,00 €;352,00 €;321,00 €;319,00 €;357,00 €;373,00 €;405,00 €;333,00 €;301,00 €;273,00 €;271,00 €;256,00 €;;;;;;;;;;;;;;;;;;;;;;;;;;;;;;;;;;;;;;;;;;;;;;;;;;;;;;;
Sievert;Freight;v2;4001;5000;SHP;436,00 €;476,00 €;437,00 €;364,00 €;334,00 €;403,00 €;438,00 €;425,00 €;393,00 €;395,00 €;391,00 €;367,00 €;405,00 €;386,00 €;400,00 €;357,00 €;303,00 €;234,00 €;226,01 €;240,00 €;277,00 €;289,59 €;286,00 €;183,35 €;182,40 €;179,00 €;252,00 €;211,78 €;198,97 €;176,32 €;182,28 €;260,00 €;297,00 €;313,00 €;277,00 €;268,00 €;297,00 €;238,00 €;253,00 €;230,00 €;199,00 €;199,96 €;210,00 €;239,00 €;176,54 €;151,13 €;257,00 €;253,00 €;284,00 €;278,00 €;349,00 €;361,00 €;293,00 €;273,00 €;220,00 €;202,00 €;328,00 €;321,00 €;325,00 €;355,00 €;323,00 €;406,00 €;379,00 €;370,00 €;377,00 €;447,00 €;437,00 €;478,00 €;464,00 €;414,00 €;424,00 €;408,00 €;460,00 €;513,00 €;508,00 €;526,00 €;529,00 €;555,00 €;578,00 €;540,00 €;512,00 €;502,00 €;528,00 €;526,00 €;469,00 €;428,00 €;425,00 €;476,00 €;497,00 €;541,00 €;444,00 €;402,00 €;364,00 €;361,00 €;341,00 €;;;;;;;;;;;;;;;;;;;;;;;;;;;;;;;;;;;;;;;;;;;;;;;;;;;;;;;
Sievert;Freight;v2;5001;6000;SHP;531,00 €;580,00 €;533,00 €;444,00 €;407,00 €;491,00 €;534,00 €;518,00 €;480,00 €;481,00 €;477,00 €;448,00 €;494,00 €;471,00 €;488,00 €;436,00 €;369,00 €;285,00 €;275,48 €;293,00 €;337,00 €;353,62 €;349,00 €;224,20 €;221,76 €;218,00 €;307,00 €;258,07 €;242,31 €;214,73 €;221,48 €;317,00 €;362,00 €;381,00 €;338,00 €;327,00 €;362,00 €;291,00 €;308,00 €;280,00 €;242,00 €;243,30 €;256,00 €;291,00 €;215,34 €;184,28 €;313,00 €;309,00 €;347,00 €;339,00 €;426,00 €;441,00 €;358,00 €;333,00 €;268,00 €;247,00 €;401,00 €;391,00 €;396,00 €;433,00 €;394,00 €;495,00 €;462,00 €;451,00 €;459,00 €;545,00 €;533,00 €;583,00 €;565,00 €;505,00 €;517,00 €;498,00 €;561,00 €;625,00 €;620,00 €;641,00 €;645,00 €;676,00 €;704,00 €;658,00 €;625,00 €;612,00 €;644,00 €;642,00 €;572,00 €;523,00 €;518,00 €;580,00 €;606,00 €;659,00 €;542,00 €;490,00 €;444,00 €;440,00 €;416,00 €;;;;;;;;;;;;;;;;;;;;;;;;;;;;;;;;;;;;;;;;;;;;;;;;;;;;;;;
Sievert;Freight;v2;6001;7000;SHP;604,00 €;659,00 €;606,00 €;504,00 €;463,00 €;558,00 €;607,00 €;588,00 €;545,00 €;547,00 €;542,00 €;509,00 €;562,00 €;535,00 €;554,00 €;495,00 €;419,00 €;324,00 €;313,31 €;333,00 €;383,00 €;400,90 €;396,00 €;254,60 €;252,48 €;248,00 €;349,00 €;293,53 €;275,80 €;244,28 €;251,86 €;360,00 €;412,00 €;433,00 €;384,00 €;372,00 €;411,00 €;330,00 €;350,00 €;318,00 €;276,00 €;276,79 €;290,00 €;331,00 €;245,41 €;209,63 €;356,00 €;351,00 €;394,00 €;385,00 €;484,00 €;501,00 €;407,00 €;379,00 €;305,00 €;280,00 €;455,00 €;444,00 €;450,00 €;492,00 €;448,00 €;563,00 €;525,00 €;513,00 €;522,00 €;619,00 €;606,00 €;663,00 €;642,00 €;573,00 €;587,00 €;565,00 €;638,00 €;711,00 €;705,00 €;728,00 €;733,00 €;769,00 €;800,00 €;748,00 €;710,00 €;696,00 €;732,00 €;730,00 €;650,00 €;594,00 €;589,00 €;659,00 €;689,00 €;749,00 €;616,00 €;557,00 €;505,00 €;500,00 €;473,00 €;;;;;;;;;;;;;;;;;;;;;;;;;;;;;;;;;;;;;;;;;;;;;;;;;;;;;;;
Sievert;Freight;v2;7001;8000;SHP;649,00 €;709,00 €;652,00 €;542,00 €;497,00 €;600,00 €;653,00 €;633,00 €;586,00 €;588,00 €;582,00 €;547,00 €;604,00 €;575,00 €;596,00 €;533,00 €;451,00 €;349,00 €;337,56 €;358,00 €;412,00 €;431,43 €;426,00 €;273,60 €;271,68 €;267,00 €;375,00 €;315,20 €;296,49 €;263,00 €;271,46 €;387,00 €;443,00 €;466,00 €;413,00 €;400,00 €;442,00 €;355,00 €;376,00 €;342,00 €;296,00 €;297,47 €;312,00 €;356,00 €;263,84 €;225,23 €;383,00 €;377,00 €;424,00 €;414,00 €;520,00 €;539,00 €;437,00 €;407,00 €;328,00 €;301,00 €;489,00 €;478,00 €;484,00 €;529,00 €;482,00 €;605,00 €;564,00 €;551,00 €;561,00 €;666,00 €;651,00 €;713,00 €;691,00 €;616,00 €;631,00 €;608,00 €;686,00 €;764,00 €;758,00 €;783,00 €;788,00 €;826,00 €;861,00 €;804,00 €;763,00 €;748,00 €;787,00 €;784,00 €;698,00 €;638,00 €;633,00 €;709,00 €;740,00 €;805,00 €;662,00 €;599,00 €;543,00 €;538,00 €;509,00 €;;;;;;;;;;;;;;;;;;;;;;;;;;;;;;;;;;;;;;;;;;;;;;;;;;;;;;;
Sievert;Freight;v2;8001;9000;SHP;669,00 €;731,00 €;672,00 €;559,00 €;513,00 €;619,00 €;673,00 €;652,00 €;604,00 €;606,00 €;600,00 €;564,00 €;623,00 €;593,00 €;615,00 €;549,00 €;465,00 €;359,00 €;347,26 €;369,00 €;425,00 €;445,22 €;439,00 €;282,15 €;279,36 €;275,00 €;386,00 €;325,05 €;305,35 €;270,88 €;279,30 €;399,00 €;456,00 €;480,00 €;426,00 €;412,00 €;456,00 €;366,00 €;388,00 €;353,00 €;305,00 €;306,34 €;322,00 €;367,00 €;271,60 €;233,03 €;394,00 €;389,00 €;437,00 €;426,00 €;536,00 €;555,00 €;451,00 €;420,00 €;338,00 €;311,00 €;505,00 €;493,00 €;499,00 €;545,00 €;497,00 €;624,00 €;582,00 €;569,00 €;578,00 €;686,00 €;671,00 €;735,00 €;712,00 €;636,00 €;651,00 €;627,00 €;707,00 €;788,00 €;781,00 €;808,00 €;813,00 €;852,00 €;887,00 €;829,00 €;787,00 €;771,00 €;811,00 €;809,00 €;720,00 €;658,00 €;653,00 €;731,00 €;763,00 €;830,00 €;683,00 €;617,00 €;560,00 €;554,00 €;524,00 €;;;;;;;;;;;;;;;;;;;;;;;;;;;;;;;;;;;;;;;;;;;;;;;;;;;;;;;
Sievert;Freight;v2;9001;10000;SHP;726,00 €;793,00 €;729,00 €;606,00 €;556,00 €;671,00 €;730,00 €;708,00 €;656,00 €;658,00 €;652,00 €;612,00 €;676,00 €;643,00 €;667,00 €;596,00 €;504,00 €;390,00 €;377,33 €;401,00 €;461,00 €;482,65 €;477,00 €;305,90 €;303,36 €;298,00 €;419,00 €;352,63 €;331,95 €;293,53 €;303,80 €;433,00 €;495,00 €;521,00 €;462,00 €;447,00 €;494,00 €;398,00 €;421,00 €;383,00 €;331,00 €;332,93 €;349,00 €;398,00 €;294,88 €;252,53 €;428,00 €;422,00 €;474,00 €;463,00 €;582,00 €;602,00 €;489,00 €;456,00 €;367,00 €;337,00 €;547,00 €;535,00 €;542,00 €;592,00 €;539,00 €;677,00 €;631,00 €;617,00 €;628,00 €;745,00 €;729,00 €;797,00 €;773,00 €;690,00 €;706,00 €;680,00 €;767,00 €;855,00 €;848,00 €;876,00 €;882,00 €;925,00 €;963,00 €;900,00 €;854,00 €;837,00 €;880,00 €;878,00 €;781,00 €;714,00 €;708,00 €;793,00 €;828,00 €;901,00 €;741,00 €;670,00 €;608,00 €;601,00 €;569,00 €;;;;;;;;;;;;;;;;;;;;;;;;;;;;;;;;;;;;;;;;;;;;;;;;;;;;;;;
Sievert;Freight;v2;10001;11000;SHP;773,00 €;843,00 €;776,00 €;645,00 €;592,00 €;714,00 €;777,00 €;753,00 €;698,00 €;700,00 €;693,00 €;651,00 €;719,00 €;684,00 €;709,00 €;634,00 €;537,00 €;415,00 €;401,58 €;426,00 €;491,00 €;513,19 €;507,00 €;324,90 €;322,56 €;318,00 €;446,00 €;375,29 €;352,63 €;312,25 €;322,42 €;461,00 €;527,00 €;554,00 €;492,00 €;476,00 €;526,00 €;423,00 €;448,00 €;408,00 €;353,00 €;353,62 €;372,00 €;424,00 €;313,31 €;268,13 €;455,00 €;449,00 €;504,00 €;492,00 €;619,00 €;641,00 €;520,00 €;485,00 €;390,00 €;359,00 €;582,00 €;569,00 €;576,00 €;630,00 €;573,00 €;720,00 €;672,00 €;656,00 €;668,00 €;792,00 €;775,00 €;848,00 €;822,00 €;734,00 €;751,00 €;723,00 €;816,00 €;909,00 €;902,00 €;932,00 €;938,00 €;984,00 €;1.024,00 €;957,00 €;908,00 €;890,00 €;936,00 €;934,00 €;831,00 €;760,00 €;753,00 €;843,00 €;881,00 €;959,00 €;788,00 €;713,00 €;646,00 €;640,00 €;605,00 €;;;;;;;;;;;;;;;;;;;;;;;;;;;;;;;;;;;;;;;;;;;;;;;;;;;;;;;
Sievert;Freight;v2;11001;12000;SHP;813,00 €;888,00 €;817,00 €;679,00 €;623,00 €;752,00 €;818,00 €;793,00 €;734,00 €;737,00 €;730,00 €;685,00 €;757,00 €;720,00 €;747,00 €;667,00 €;565,00 €;437,00 €;421,95 €;449,00 €;516,00 €;540,77 €;534,00 €;342,00 €;339,84 €;334,00 €;470,00 €;394,99 €;371,35 €;328,99 €;340,06 €;485,00 €;555,00 €;584,00 €;518,00 €;501,00 €;554,00 €;445,00 €;471,00 €;429,00 €;371,00 €;372,33 €;391,00 €;446,00 €;329,80 €;282,75 €;479,00 €;472,00 €;531,00 €;518,00 €;652,00 €;675,00 €;548,00 €;510,00 €;411,00 €;377,00 €;613,00 €;599,00 €;606,00 €;663,00 €;603,00 €;758,00 €;707,00 €;691,00 €;703,00 €;834,00 €;816,00 €;893,00 €;865,00 €;772,00 €;791,00 €;761,00 €;859,00 €;957,00 €;949,00 €;981,00 €;988,00 €;1.035,00 €;1.078,00 €;1.008,00 €;956,00 €;937,00 €;986,00 €;983,00 €;875,00 €;800,00 €;793,00 €;888,00 €;927,00 €;1.009,00 €;830,00 €;750,00 €;680,00 €;674,00 €;637,00 €;;;;;;;;;;;;;;;;;;;;;;;;;;;;;;;;;;;;;;;;;;;;;;;;;;;;;;;
Sievert;Freight;v2;12001;13000;SHP;847,00 €;925,00 €;851,00 €;707,00 €;649,00 €;783,00 €;852,00 €;826,00 €;765,00 €;768,00 €;760,00 €;714,00 €;788,00 €;750,00 €;778,00 €;695,00 €;588,00 €;455,00 €;440,38 €;467,00 €;538,00 €;563,42 €;556,00 €;357,20 €;354,24 €;348,00 €;489,00 €;410,75 €;387,11 €;342,78 €;353,78 €;505,00 €;578,00 €;608,00 €;539,00 €;522,00 €;577,00 €;464,00 €;491,00 €;447,00 €;387,00 €;388,09 €;407,00 €;464,00 €;343,38 €;294,45 €;499,00 €;492,00 €;553,00 €;540,00 €;679,00 €;703,00 €;571,00 €;531,00 €;428,00 €;393,00 €;639,00 €;624,00 €;632,00 €;690,00 €;629,00 €;789,00 €;736,00 €;720,00 €;732,00 €;869,00 €;850,00 €;930,00 €;901,00 €;804,00 €;824,00 €;793,00 €;895,00 €;997,00 €;989,00 €;1.022,00 €;1.029,00 €;1.078,00 €;1.123,00 €;1.050,00 €;996,00 €;976,00 €;1.027,00 €;1.024,00 €;911,00 €;833,00 €;826,00 €;925,00 €;966,00 €;1.051,00 €;864,00 €;781,00 €;709,00 €;702,00 €;664,00 €;;;;;;;;;;;;;;;;;;;;;;;;;;;;;;;;;;;;;;;;;;;;;;;;;;;;;;;
Sievert;Freight;v2;13001;14000;SHP;873,00 €;953,00 €;877,00 €;729,00 €;669,00 €;807,00 €;878,00 €;851,00 €;789,00 €;791,00 €;784,00 €;736,00 €;812,00 €;774,00 €;802,00 €;717,00 €;607,00 €;469,00 €;453,96 €;482,00 €;555,00 €;580,17 €;573,00 €;367,65 €;364,80 €;359,00 €;504,00 €;423,55 €;398,93 €;353,62 €;364,56 €;521,00 €;596,00 €;627,00 €;556,00 €;538,00 €;595,00 €;478,00 €;506,00 €;461,00 €;399,00 €;399,91 €;420,00 €;479,00 €;354,05 €;303,23 €;515,00 €;507,00 €;570,00 €;556,00 €;700,00 €;724,00 €;588,00 €;548,00 €;441,00 €;405,00 €;658,00 €;643,00 €;651,00 €;712,00 €;648,00 €;814,00 €;759,00 €;742,00 €;755,00 €;896,00 €;876,00 €;959,00 €;929,00 €;829,00 €;849,00 €;818,00 €;923,00 €;1.028,00 €;1.019,00 €;1.054,00 €;1.061,00 €;1.112,00 €;1.158,00 €;1.082,00 €;1.027,00 €;1.006,00 €;1.059,00 €;1.055,00 €;940,00 €;859,00 €;852,00 €;953,00 €;996,00 €;1.084,00 €;891,00 €;805,00 €;731,00 €;723,00 €;684,00 €;;;;;;;;;;;;;;;;;;;;;;;;;;;;;;;;;;;;;;;;;;;;;;;;;;;;;;;
Sievert;Freight;v2;14001;15000;SHP;891,00 €;973,00 €;895,00 €;744,00 €;683,00 €;824,00 €;896,00 €;869,00 €;805,00 €;808,00 €;800,00 €;751,00 €;829,00 €;789,00 €;818,00 €;731,00 €;619,00 €;479,00 €;462,69 €;492,00 €;566,00 €;591,99 €;585,00 €;375,25 €;372,48 €;366,00 €;515,00 €;432,42 €;406,81 €;360,51 €;372,40 €;531,00 €;608,00 €;639,00 €;567,00 €;549,00 €;607,00 €;488,00 €;517,00 €;470,00 €;407,00 €;408,78 €;429,00 €;489,00 €;361,81 €;310,05 €;525,00 €;518,00 €;581,00 €;568,00 €;714,00 €;739,00 €;600,00 €;559,00 €;450,00 €;414,00 €;672,00 €;656,00 €;665,00 €;726,00 €;661,00 €;830,00 €;775,00 €;757,00 €;770,00 €;914,00 €;894,00 €;979,00 €;948,00 €;846,00 €;866,00 €;834,00 €;942,00 €;1.049,00 €;1.040,00 €;1.075,00 €;1.082,00 €;1.134,00 €;1.181,00 €;1.104,00 €;1.048,00 €;1.027,00 €;1.080,00 €;1.077,00 €;959,00 €;876,00 €;869,00 €;973,00 €;1.016,00 €;1.106,00 €;909,00 €;822,00 €;745,00 €;738,00 €;698,00 €;;;;;;;;;;;;;;;;;;;;;;;;;;;;;;;;;;;;;;;;;;;;;;;;;;;;;;;
Sievert;Freight;v2;15001;16000;SHP;909,00 €;993,00 €;913,00 €;759,00 €;697,00 €;841,00 €;915,00 €;886,00 €;821,00 €;824,00 €;816,00 €;766,00 €;846,00 €;805,00 €;835,00 €;746,00 €;632,00 €;488,00 €;472,39 €;502,00 €;577,00 €;604,79 €;597,00 €;382,85 €;380,16 €;374,00 €;525,00 €;441,28 €;414,69 €;368,39 €;380,24 €;542,00 €;620,00 €;653,00 €;579,00 €;560,00 €;619,00 €;498,00 €;527,00 €;480,00 €;415,00 €;416,66 €;437,00 €;499,00 €;368,60 €;315,90 €;536,00 €;528,00 €;593,00 €;579,00 €;729,00 €;754,00 €;613,00 €;570,00 €;459,00 €;422,00 €;685,00 €;669,00 €;678,00 €;741,00 €;675,00 €;847,00 €;790,00 €;772,00 €;786,00 €;933,00 €;912,00 €;999,00 €;968,00 €;863,00 €;884,00 €;851,00 €;961,00 €;1.070,00 €;1.061,00 €;1.097,00 €;1.104,00 €;1.158,00 €;1.206,00 €;1.127,00 €;1.069,00 €;1.048,00 €;1.102,00 €;1.099,00 €;978,00 €;894,00 €;887,00 €;993,00 €;1.037,00 €;1.128,00 €;928,00 €;839,00 €;761,00 €;753,00 €;712,00 €;;;;;;;;;;;;;;;;;;;;;;;;;;;;;;;;;;;;;;;;;;;;;;;;;;;;;;;
Sievert;Freight;v2;16001;17000;SHP;919,00 €;1.003,00 €;922,00 €;767,00 €;704,00 €;849,00 €;924,00 €;895,00 €;829,00 €;832,00 €;824,00 €;774,00 €;854,00 €;814,00 €;843,00 €;754,00 €;638,00 €;493,00 €;477,24 €;507,00 €;583,00 €;610,70 €;603,00 €;386,65 €;384,00 €;378,00 €;530,00 €;446,21 €;419,61 €;371,35 €;383,18 €;548,00 €;626,00 €;659,00 €;585,00 €;566,00 €;625,00 €;503,00 €;532,00 €;485,00 €;419,00 €;420,60 €;442,00 €;504,00 €;372,48 €;318,83 €;541,00 €;534,00 €;599,00 €;585,00 €;736,00 €;762,00 €;619,00 €;576,00 €;464,00 €;426,00 €;692,00 €;676,00 €;685,00 €;749,00 €;682,00 €;856,00 €;798,00 €;780,00 €;794,00 €;942,00 €;921,00 €;1.009,00 €;977,00 €;872,00 €;893,00 €;860,00 €;971,00 €;1.081,00 €;1.072,00 €;1.108,00 €;1.116,00 €;1.169,00 €;1.218,00 €;1.138,00 €;1.080,00 €;1.058,00 €;1.113,00 €;1.110,00 €;988,00 €;903,00 €;896,00 €;1.003,00 €;1.048,00 €;1.140,00 €;937,00 €;847,00 €;768,00 €;761,00 €;720,00 €;;;;;;;;;;;;;;;;;;;;;;;;;;;;;;;;;;;;;;;;;;;;;;;;;;;;;;;
Sievert;Freight;v2;17001;18000;SHP;928,00 €;1.013,00 €;932,00 €;775,00 €;711,00 €;858,00 €;933,00 €;904,00 €;838,00 €;841,00 €;832,00 €;782,00 €;863,00 €;822,00 €;852,00 €;761,00 €;644,00 €;498,00 €;482,09 €;512,00 €;589,00 €;616,61 €;609,00 €;390,45 €;387,84 €;381,00 €;536,00 €;450,15 €;423,55 €;375,29 €;387,10 €;553,00 €;633,00 €;666,00 €;591,00 €;571,00 €;632,00 €;508,00 €;538,00 €;489,00 €;423,00 €;425,52 €;446,00 €;509,00 €;376,36 €;322,73 €;547,00 €;539,00 €;605,00 €;591,00 €;744,00 €;770,00 €;625,00 €;582,00 €;469,00 €;431,00 €;699,00 €;683,00 €;692,00 €;756,00 €;688,00 €;865,00 €;806,00 €;788,00 €;802,00 €;952,00 €;931,00 €;1.019,00 €;987,00 €;881,00 €;902,00 €;869,00 €;980,00 €;1.092,00 €;1.083,00 €;1.119,00 €;1.127,00 €;1.181,00 €;1.230,00 €;1.150,00 €;1.091,00 €;1.069,00 €;1.125,00 €;1.121,00 €;998,00 €;912,00 €;905,00 €;1.013,00 €;1.058,00 €;1.151,00 €;947,00 €;856,00 €;776,00 €;768,00 €;727,00 €;;;;;;;;;;;;;;;;;;;;;;;;;;;;;;;;;;;;;;;;;;;;;;;;;;;;;;;
Sievert;Freight;v2;18001;19000;SHP;933,00 €;1.018,00 €;936,00 €;778,00 €;714,00 €;862,00 €;938,00 €;909,00 €;842,00 €;845,00 €;837,00 €;786,00 €;867,00 €;826,00 €;856,00 €;765,00 €;648,00 €;501,00 €;484,03 €;514,00 €;592,00 €;619,57 €;612,00 €;392,35 €;389,76 €;383,00 €;538,00 €;453,10 €;425,52 €;377,26 €;389,06 €;556,00 €;636,00 €;669,00 €;594,00 €;574,00 €;635,00 €;510,00 €;540,00 €;492,00 €;425,00 €;427,49 €;448,00 €;511,00 €;378,30 €;323,70 €;549,00 €;542,00 €;608,00 €;594,00 €;747,00 €;774,00 €;628,00 €;585,00 €;471,00 €;433,00 €;703,00 €;686,00 €;695,00 €;760,00 €;692,00 €;869,00 €;810,00 €;792,00 €;806,00 €;956,00 €;935,00 €;1.024,00 €;992,00 €;885,00 €;907,00 €;873,00 €;985,00 €;1.098,00 €;1.088,00 €;1.125,00 €;1.132,00 €;1.187,00 €;1.236,00 €;1.155,00 €;1.097,00 €;1.074,00 €;1.130,00 €;1.127,00 €;1.003,00 €;917,00 €;909,00 €;1.018,00 €;1.063,00 €;1.157,00 €;951,00 €;860,00 €;780,00 €;772,00 €;731,00 €;;;;;;;;;;;;;;;;;;;;;;;;;;;;;;;;;;;;;;;;;;;;;;;;;;;;;;;
Sievert;Freight;v2;19001;20000;SHP;937,00 €;1.023,00 €;941,00 €;782,00 €;718,00 €;866,00 €;943,00 €;913,00 €;846,00 €;849,00 €;841,00 €;789,00 €;872,00 €;830,00 €;860,00 €;769,00 €;651,00 €;503,00 €;486,94 €;517,00 €;595,00 €;622,52 €;615,00 €;394,25 €;391,68 €;385,00 €;541,00 €;455,07 €;427,49 €;379,23 €;391,02 €;559,00 €;639,00 €;672,00 €;597,00 €;577,00 €;638,00 €;513,00 €;543,00 €;494,00 €;428,00 €;429,46 €;451,00 €;514,00 €;380,24 €;325,65 €;552,00 €;544,00 €;611,00 €;597,00 €;751,00 €;777,00 €;631,00 €;588,00 €;473,00 €;435,00 €;706,00 €;690,00 €;699,00 €;764,00 €;695,00 €;873,00 €;815,00 €;796,00 €;810,00 €;961,00 €;940,00 €;1.029,00 €;997,00 €;890,00 €;911,00 €;878,00 €;990,00 €;1.103,00 €;1.094,00 €;1.131,00 €;1.138,00 €;1.193,00 €;1.242,00 €;1.161,00 €;1.102,00 €;1.080,00 €;1.136,00 €;1.132,00 €;1.008,00 €;922,00 €;914,00 €;1.023,00 €;1.069,00 €;1.163,00 €;956,00 €;864,00 €;784,00 €;776,00 €;734,00 €;;;;;;;;;;;;;;;;;;;;;;;;;;;;;;;;;;;;;;;;;;;;;;;;;;;;;;;
Sievert;Freight;v2;20001;21000;SHP;942,00 €;1.028,00 €;946,00 €;786,00 €;722,00 €;871,00 €;947,00 €;918,00 €;851,00 €;853,00 €;845,00 €;793,00 €;876,00 €;834,00 €;865,00 €;773,00 €;654,00 €;506,00 €;488,88 €;520,00 €;598,00 €;626,46 €;618,00 €;396,15 €;393,60 €;387,00 €;544,00 €;457,04 €;430,45 €;381,20 €;392,98 €;562,00 €;642,00 €;676,00 €;600,00 €;580,00 €;641,00 €;516,00 €;546,00 €;497,00 €;430,00 €;431,43 €;453,00 €;516,00 €;382,18 €;327,60 €;555,00 €;547,00 €;614,00 €;600,00 €;755,00 €;781,00 €;634,00 €;591,00 €;476,00 €;437,00 €;710,00 €;693,00 €;702,00 €;768,00 €;699,00 €;878,00 €;819,00 €;800,00 €;814,00 €;966,00 €;945,00 €;1.034,00 €;1.002,00 €;894,00 €;916,00 €;882,00 €;995,00 €;1.109,00 €;1.099,00 €;1.136,00 €;1.144,00 €;1.199,00 €;1.249,00 €;1.167,00 €;1.108,00 €;1.085,00 €;1.142,00 €;1.138,00 €;1.013,00 €;926,00 €;919,00 €;1.028,00 €;1.074,00 €;1.169,00 €;961,00 €;869,00 €;788,00 €;780,00 €;738,00 €;;;;;;;;;;;;;;;;;;;;;;;;;;;;;;;;;;;;;;;;;;;;;;;;;;;;;;;
Sievert;Freight;v2;21001;22000;SHP;947,00 €;1.033,00 €;950,00 €;790,00 €;725,00 €;875,00 €;952,00 €;923,00 €;855,00 €;858,00 €;849,00 €;797,00 €;881,00 €;838,00 €;869,00 €;777,00 €;657,00 €;508,00 €;491,79 €;522,00 €;601,00 €;629,42 €;621,00 €;399,00 €;395,52 €;389,00 €;547,00 €;459,01 €;432,42 €;383,17 €;394,94 €;565,00 €;645,00 €;679,00 €;603,00 €;583,00 €;644,00 €;518,00 €;549,00 €;499,00 €;432,00 €;433,40 €;455,00 €;519,00 €;384,12 €;328,58 €;558,00 €;550,00 €;618,00 €;603,00 €;759,00 €;785,00 €;638,00 €;594,00 €;478,00 €;439,00 €;714,00 €;697,00 €;706,00 €;771,00 €;702,00 €;882,00 €;823,00 €;804,00 €;818,00 €;971,00 €;950,00 €;1.039,00 €;1.007,00 €;899,00 €;920,00 €;886,00 €;1.000,00 €;1.114,00 €;1.105,00 €;1.142,00 €;1.150,00 €;1.205,00 €;1.255,00 €;1.173,00 €;1.113,00 €;1.091,00 €;1.147,00 €;1.144,00 €;1.018,00 €;931,00 €;923,00 €;1.033,00 €;1.080,00 €;1.174,00 €;966,00 €;873,00 €;792,00 €;784,00 €;742,00 €;;;;;;;;;;;;;;;;;;;;;;;;;;;;;;;;;;;;;;;;;;;;;;;;;;;;;;;
Sievert;Freight;v2;22001;23000;SHP;951,00 €;1.039,00 €;955,00 €;794,00 €;729,00 €;880,00 €;957,00 €;927,00 €;859,00 €;862,00 €;854,00 €;801,00 €;885,00 €;843,00 €;873,00 €;781,00 €;661,00 €;511,00 €;493,73 €;525,00 €;604,00 €;632,37 €;624,00 €;400,90 €;397,44 €;391,00 €;549,00 €;461,97 €;434,39 €;385,14 €;396,90 €;567,00 €;649,00 €;683,00 €;606,00 €;586,00 €;648,00 €;521,00 €;551,00 €;502,00 €;434,00 €;436,36 €;458,00 €;522,00 €;386,06 €;330,53 €;561,00 €;553,00 €;621,00 €;606,00 €;762,00 €;789,00 €;641,00 €;597,00 €;481,00 €;442,00 €;717,00 €;700,00 €;709,00 €;775,00 €;706,00 €;886,00 €;827,00 €;808,00 €;822,00 €;976,00 €;954,00 €;1.045,00 €;1.012,00 €;903,00 €;925,00 €;891,00 €;1.005,00 €;1.120,00 €;1.110,00 €;1.148,00 €;1.155,00 €;1.211,00 €;1.261,00 €;1.179,00 €;1.119,00 €;1.096,00 €;1.153,00 €;1.150,00 €;1.024,00 €;936,00 €;928,00 €;1.039,00 €;1.085,00 €;1.180,00 €;971,00 €;877,00 €;796,00 €;788,00 €;745,00 €;;;;;;;;;;;;;;;;;;;;;;;;;;;;;;;;;;;;;;;;;;;;;;;;;;;;;;;
Sievert;Freight;v2;23001;25000;SHP;956,00 €;1.044,00 €;960,00 €;798,00 €;733,00 €;884,00 €;962,00 €;932,00 €;863,00 €;866,00 €;858,00 €;805,00 €;889,00 €;847,00 €;878,00 €;784,00 €;664,00 €;514,00 €;496,64 €;527,00 €;607,00 €;635,33 €;627,00 €;402,80 €;399,36 €;393,00 €;552,00 €;463,94 €;436,36 €;387,11 €;399,84 €;570,00 €;652,00 €;686,00 €;609,00 €;589,00 €;651,00 €;523,00 €;554,00 €;504,00 €;436,00 €;438,33 €;460,00 €;524,00 €;388,00 €;332,48 €;563,00 €;555,00 €;624,00 €;609,00 €;766,00 €;793,00 €;644,00 €;600,00 €;483,00 €;444,00 €;721,00 €;704,00 €;713,00 €;779,00 €;709,00 €;891,00 €;831,00 €;812,00 €;826,00 €;981,00 €;959,00 €;1.050,00 €;1.017,00 €;908,00 €;930,00 €;895,00 €;1.010,00 €;1.125,00 €;1.116,00 €;1.154,00 €;1.161,00 €;1.217,00 €;1.268,00 €;1.185,00 €;1.124,00 €;1.102,00 €;1.159,00 €;1.155,00 €;1.029,00 €;940,00 €;933,00 €;1.044,00 €;1.090,00 €;1.186,00 €;975,00 €;882,00 €;800,00 €;792,00 €;749,00 €;;;;;;;;;;;;;;;;;;;;;;;;;;;;;;;;;;;;;;;;;;;;;;;;;;;;;;;
;;;;;;;;;;;;;;;;;;;;;;;;;;;;;;;;;;;;;;;;;;;;;;;;;;;;;;;;;;;;;;;;;;;;;;;;;;;;;;;;;;;;;;;;;;;;;;;;;;;;;;;;;;;;;;;;;;;;;;;;;;;;;;;;;;;;;;;;;;;;;;;;;;;;;;;;;;;
Koch;Freight;v2;1;4000;SHP;339,40 €;375,20 €;379,60 €;341,60 €;307,60 €;344,20 €;330,80 €;330,80 €;338,60 €;338,60 €;343,40 €;364,40 €;366,90 €;368,60 €;351,40 €;356,00 €;309,50 €;310,80 €;310,80 €;310,80 €;334,40 €;347,90 €;354,00 €;289,00 €;258,40 €;256,10 €;237,20 €;237,20 €;222,10 €;227,30 €;246,00 €;248,00 €;272,80 €;279,50 €;257,80 €;296,00 €;269,70 €;235,50 €;233,20 €;229,80 €;229,00 €;221,50 €;229,00 €;241,70 €;218,10 €;191,30 €;268,00 €;261,50 €;297,50 €;349,30 €;336,70 €;348,30 €;337,50 €;297,50 €;270,20 €;271,70 €;335,90 €;335,90 €;326,50 €;362,30 €;335,70 €;424,80 €;425,50 €;425,50 €;430,40 €;432,90 €;432,90 €;436,10 €;431,30 €;427,00 €;448,70 €;397,20 €;441,50 €;426,90 €;421,90 €;433,20 €;433,20 €;462,20 €;489,30 €;485,50 €;458,00 €;458,00 €;472,70 €;516,60 €;474,70 €;407,30 €;407,30 €;421,70 €;459,10 €;469,60 €;364,90 €;351,30 €;345,20 €;326,10 €;334,40 €;;;;;;;;;;;;;;;;;;;;;;;;;;;;;;;;;;;;;;;;;;;;;;;;;;;;;;;
Koch;Freight;v2;4001;5000;SHP;365,20 €;404,70 €;408,90 €;366,70 €;329,60 €;369,10 €;355,30 €;355,30 €;361,40 €;361,40 €;366,50 €;388,30 €;392,00 €;394,40 €;379,00 €;382,30 €;328,00 €;328,60 €;328,60 €;328,60 €;355,10 €;371,60 €;377,30 €;303,10 €;271,90 €;268,90 €;252,50 €;251,10 €;235,00 €;237,60 €;257,10 €;262,80 €;291,00 €;298,40 €;273,80 €;315,20 €;288,50 €;250,60 €;248,20 €;243,90 €;242,00 €;234,60 €;242,00 €;256,40 €;228,00 €;199,00 €;285,70 €;281,60 €;314,70 €;370,40 €;360,80 €;371,90 €;359,60 €;314,70 €;283,70 €;283,70 €;357,90 €;357,90 €;348,80 €;387,20 €;358,50 €;458,20 €;456,30 €;456,30 €;461,60 €;467,20 €;467,20 €;470,90 €;465,30 €;459,20 €;482,40 €;431,20 €;475,70 €;463,40 €;458,60 €;469,40 €;469,40 €;501,50 €;531,70 €;527,40 €;495,30 €;495,30 €;513,30 €;560,90 €;512,80 €;435,80 €;435,80 €;453,30 €;498,60 €;510,40 €;391,00 €;376,20 €;368,80 €;348,70 €;356,40 €;;;;;;;;;;;;;;;;;;;;;;;;;;;;;;;;;;;;;;;;;;;;;;;;;;;;;;;
Koch;Freight;v2;5001;6000;SHP;390,80 €;433,70 €;437,90 €;391,30 €;351,40 €;393,80 €;379,50 €;379,50 €;384,10 €;384,10 €;389,70 €;412,20 €;417,10 €;420,40 €;406,40 €;408,30 €;346,50 €;346,20 €;346,20 €;346,20 €;375,60 €;394,70 €;400,60 €;317,80 €;285,50 €;282,10 €;267,60 €;265,10 €;247,70 €;247,90 €;268,20 €;277,70 €;309,20 €;317,30 €;289,50 €;334,10 €;306,80 €;265,60 €;263,10 €;257,90 €;255,20 €;247,90 €;255,20 €;271,40 €;237,80 €;206,60 €;303,00 €;302,00 €;331,80 €;391,80 €;384,60 €;395,60 €;381,60 €;331,80 €;297,50 €;295,60 €;380,00 €;380,00 €;370,90 €;411,60 €;381,20 €;491,00 €;486,90 €;486,90 €;492,60 €;500,90 €;500,90 €;505,40 €;499,10 €;491,00 €;515,80 €;465,30 €;509,70 €;499,60 €;495,00 €;505,00 €;505,00 €;540,20 €;573,90 €;569,30 €;532,20 €;532,20 €;553,20 €;604,40 €;550,80 €;464,20 €;464,20 €;484,90 €;537,60 €;550,90 €;417,00 €;401,20 €;392,20 €;371,10 €;378,50 €;;;;;;;;;;;;;;;;;;;;;;;;;;;;;;;;;;;;;;;;;;;;;;;;;;;;;;;
Koch;Freight;v2;6001;7000;SHP;426,90 €;474,60 €;478,60 €;426,70 €;383,00 €;429,00 €;414,10 €;414,10 €;417,30 €;417,30 €;423,30 €;447,30 €;453,60 €;457,70 €;445,00 €;445,70 €;374,60 €;373,30 €;373,30 €;373,30 €;406,40 €;428,90 €;434,70 €;338,60 €;307,20 €;302,80 €;290,30 €;286,40 €;267,20 €;265,10 €;287,00 €;299,80 €;335,70 €;344,80 €;313,20 €;362,20 €;333,60 €;288,00 €;285,30 €;278,90 €;275,20 €;267,80 €;275,20 €;293,70 €;254,30 €;219,90 €;328,80 €;328,00 €;358,10 €;423,80 €;419,00 €;430,00 €;414,30 €;358,10 €;319,20 €;315,90 €;412,40 €;412,40 €;403,10 €;447,40 €;414,30 €;537,30 €;530,60 €;530,60 €;536,80 €;548,60 €;548,60 €;553,60 €;546,50 €;536,50 €;563,60 €;508,40 €;557,60 €;549,50 €;544,50 €;554,50 €;554,50 €;593,60 €;631,50 €;626,30 €;583,60 €;583,60 €;608,00 €;664,50 €;603,80 €;505,40 €;505,40 €;529,50 €;591,10 €;606,10 €;454,20 €;437,20 €;426,30 €;403,80 €;410,60 €;;;;;;;;;;;;;;;;;;;;;;;;;;;;;;;;;;;;;;;;;;;;;;;;;;;;;;;
Koch;Freight;v2;7001;8000;SHP;459,40 €;511,30 €;515,40 €;458,30 €;411,00 €;460,70 €;445,30 €;445,30 €;446,80 €;446,80 €;453,10 €;478,50 €;486,00 €;491,00 €;479,70 €;478,80 €;399,20 €;397,30 €;397,30 €;397,30 €;433,80 €;459,30 €;465,10 €;349,90 €;325,90 €;320,60 €;310,20 €;305,30 €;284,40 €;279,80 €;302,80 €;319,80 €;359,60 €;369,50 €;334,20 €;387,20 €;357,50 €;307,60 €;305,30 €;297,60 €;292,80 €;285,30 €;292,80 €;313,20 €;268,50 €;231,30 €;351,70 €;351,30 €;381,30 €;452,00 €;449,70 €;460,50 €;443,20 €;381,30 €;338,00 €;333,30 €;441,40 €;441,40 €;431,60 €;479,10 €;443,50 €;579,00 €;569,90 €;569,90 €;576,60 €;591,20 €;591,20 €;597,40 €;589,10 €;577,00 €;606,20 €;546,80 €;600,40 €;594,50 €;589,50 €;599,00 €;599,00 €;641,80 €;683,70 €;678,30 €;630,00 €;630,00 €;657,70 €;718,80 €;651,20 €;541,90 €;541,90 €;569,60 €;639,40 €;656,30 €;487,70 €;469,40 €;456,80 €;432,90 €;439,50 €;;;;;;;;;;;;;;;;;;;;;;;;;;;;;;;;;;;;;;;;;;;;;;;;;;;;;;;
Koch;Freight;v2;8001;9000;SHP;480,00 €;535,60 €;539,10 €;476,40 €;426,20 €;478,40 €;463,60 €;463,60 €;460,40 €;460,40 €;467,00 €;492,00 €;502,00 €;508,70 €;502,90 €;498,50 €;406,40 €;402,10 €;402,10 €;402,10 €;442,40 €;473,50 €;478,10 €;359,80 €;342,40 €;335,90 €;330,10 €;323,00 €;300,30 €;291,20 €;315,00 €;338,50 €;383,50 €;394,70 €;354,40 €;412,10 €;382,10 €;327,10 €;324,70 €;315,70 €;309,00 €;302,10 €;309,00 €;332,50 €;279,40 €;239,10 €;374,70 €;374,70 €;386,40 €;460,90 €;466,30 €;475,30 €;455,40 €;386,40 €;338,00 €;333,30 €;453,60 €;453,60 €;445,20 €;494,20 €;457,70 €;607,00 €;591,80 €;591,80 €;598,70 €;620,40 €;620,40 €;627,70 €;617,90 €;602,10 €;632,40 €;570,50 €;628,80 €;630,00 €;626,10 €;632,50 €;632,50 €;679,00 €;726,00 €;720,10 €;663,30 €;663,30 €;696,70 €;761,40 €;684,80 €;561,10 €;561,10 €;594,10 €;677,50 €;696,90 €;505,70 €;486,70 €;471,30 €;447,70 €;451,70 €;;;;;;;;;;;;;;;;;;;;;;;;;;;;;;;;;;;;;;;;;;;;;;;;;;;;;;;
Koch;Freight;v2;9001;10000;SHP;491,60 €;549,20 €;552,40 €;487,30 €;435,60 €;489,10 €;474,40 €;474,40 €;469,40 €;469,40 €;476,00 €;500,90 €;512,00 €;519,50 €;516,20 €;510,30 €;412,40 €;407,30 €;407,30 €;407,30 €;449,60 €;482,70 €;487,00 €;361,10 €;351,50 €;344,50 €;340,50 €;332,50 €;309,00 €;297,90 €;322,40 €;348,40 €;395,90 €;407,30 €;365,30 €;425,10 €;394,80 €;337,20 €;335,00 €;325,20 €;317,80 €;311,00 €;317,80 €;342,50 €;285,80 €;243,90 €;386,60 €;390,60 €;391,80 €;467,90 €;476,60 €;484,60 €;463,80 €;391,80 €;343,40 €;333,30 €;462,10 €;462,10 €;454,00 €;504,00 €;466,60 €;622,50 €;605,00 €;605,00 €;612,10 €;636,60 €;636,60 €;644,30 €;634,10 €;616,80 €;648,00 €;590,00 €;644,90 €;648,90 €;645,20 €;650,90 €;650,90 €;699,10 €;748,30 €;742,20 €;681,80 €;681,80 €;717,20 €;783,90 €;703,40 €;572,90 €;572,90 €;608,50 €;698,00 €;718,20 €;516,80 €;497,30 €;480,40 €;456,90 €;460,20 €;;;;;;;;;;;;;;;;;;;;;;;;;;;;;;;;;;;;;;;;;;;;;;;;;;;;;;;
Koch;Freight;v2;10001;11000;SHP;535,90 €;599,40 €;602,40 €;530,10 €;473,40 €;531,80 €;516,40 €;516,40 €;508,90 €;508,90 €;516,10 €;542,60 €;555,80 €;564,50 €;563,20 €;555,30 €;444,90 €;438,30 €;438,30 €;438,30 €;485,40 €;523,20 €;527,50 €;377,30 €;375,10 €;366,80 €;366,60 €;356,60 €;330,80 €;315,90 €;341,80 €;373,70 €;427,20 €;439,50 €;392,30 €;457,60 €;426,10 €;362,80 €;360,70 €;349,40 €;340,20 €;333,80 €;340,20 €;368,10 €;302,90 €;257,30 €;416,50 €;425,10 €;415,40 €;496,80 €;508,70 €;516,30 €;493,20 €;415,40 €;359,50 €;346,70 €;491,50 €;491,50 €;484,30 €;536,80 €;497,30 €;667,10 €;646,00 €;646,00 €;653,60 €;682,80 €;682,80 €;692,20 €;680,70 €;660,90 €;693,50 €;637,70 €;703,50 €;710,80 €;707,50 €;712,20 €;712,20 €;765,40 €;820,40 €;813,90 €;745,20 €;745,20 €;785,70 €;858,60 €;768,50 €;622,40 €;622,40 €;662,70 €;764,70 €;787,50 €;561,70 €;540,70 €;521,20 €;496,20 €;498,30 €;;;;;;;;;;;;;;;;;;;;;;;;;;;;;;;;;;;;;;;;;;;;;;;;;;;;;;;
Koch;Freight;v2;11001;12000;SHP;559,40 €;625,90 €;629,00 €;552,90 €;493,60 €;554,70 €;538,80 €;538,80 €;530,20 €;530,20 €;537,80 €;564,80 €;578,90 €;588,40 €;588,40 €;579,30 €;462,30 €;455,00 €;455,00 €;455,00 €;504,60 €;545,00 €;549,10 €;384,90 €;380,10 €;370,70 €;374,10 €;362,80 €;336,10 €;315,90 €;341,80 €;380,30 €;436,70 €;449,90 €;399,70 €;466,90 €;436,20 €;370,40 €;368,40 €;356,00 €;345,70 €;339,50 €;345,70 €;375,10 €;302,90 €;257,30 €;425,30 €;434,70 €;427,80 €;512,00 €;525,20 €;533,00 €;508,90 €;427,80 €;369,60 €;355,60 €;507,20 €;507,20 €;500,30 €;554,20 €;513,50 €;690,70 €;667,40 €;667,40 €;675,40 €;707,00 €;707,00 €;717,00 €;705,20 €;684,30 €;717,70 €;660,10 €;734,60 €;743,70 €;740,30 €;744,70 €;744,70 €;800,60 €;858,40 €;851,50 €;779,00 €;779,00 €;822,00 €;898,40 €;803,20 €;648,60 €;648,60 €;691,80 €;800,10 €;823,90 €;585,70 €;563,70 €;542,90 €;517,10 €;519,00 €;;;;;;;;;;;;;;;;;;;;;;;;;;;;;;;;;;;;;;;;;;;;;;;;;;;;;;;
Koch;Freight;v2;12001;13000;SHP;580,90 €;651,00 €;653,60 €;572,30 €;510,60 €;573,80 €;558,50 €;558,50 €;545,90 €;545,90 €;553,80 €;581,00 €;597,20 €;608,00 €;612,50 €;600,30 €;472,70 €;469,20 €;469,20 €;469,20 €;516,80 €;561,50 €;565,00 €;387,80 €;397,60 €;387,40 €;393,90 €;381,20 €;352,50 €;331,00 €;358,30 €;399,50 €;460,50 €;474,40 €;420,10 €;491,90 €;460,40 €;389,70 €;387,80 €;374,30 €;362,70 €;356,60 €;362,70 €;394,60 €;317,60 €;267,50 €;448,10 €;458,50 €;441,70 €;529,60 €;546,50 €;552,90 €;528,40 €;441,90 €;377,90 €;365,00 €;528,20 €;528,20 €;524,80 €;578,30 €;538,50 €;722,40 €;702,20 €;696,20 €;704,40 €;741,20 €;747,20 €;748,10 €;745,60 €;718,50 €;753,10 €;692,90 €;779,90 €;792,30 €;788,90 €;792,30 €;792,30 €;852,40 €;914,90 €;907,50 €;828,40 €;828,40 €;875,60 €;956,80 €;853,70 €;686,50 €;686,50 €;733,80 €;852,30 €;878,10 €;620,40 €;596,90 €;574,40 €;547,00 €;548,30 €;;;;;;;;;;;;;;;;;;;;;;;;;;;;;;;;;;;;;;;;;;;;;;;;;;;;;;;
Koch;Freight;v2;13001;14000;SHP;603,00 €;676,40 €;678,60 €;593,60 €;529,00 €;594,80 €;579,30 €;579,30 €;564,80 €;564,80 €;572,90 €;600,50 €;617,90 €;629,60 €;636,40 €;622,70 €;487,30 €;477,10 €;477,10 €;477,10 €;533,00 €;580,80 €;584,10 €;395,20 €;406,20 €;395,20 €;405,30 €;391,10 €;361,40 €;336,50 €;364,10 €;409,80 €;474,30 €;489,10 €;431,70 €;505,90 €;474,70 €;401,00 €;399,10 €;384,40 €;371,40 €;366,00 €;371,40 €;405,00 €;322,80 €;273,20 €;461,20 €;472,30 €;448,10 €;536,00 €;557,60 €;563,40 €;536,00 €;448,20 €;382,10 €;369,00 €;534,40 €;534,40 €;533,30 €;585,50 €;547,00 €;739,80 €;714,80 €;709,70 €;717,80 €;758,20 €;758,20 €;770,20 €;756,50 €;730,90 €;766,30 €;704,90 €;801,50 €;818,00 €;815,20 €;817,00 €;817,00 €;879,80 €;945,40 €;937,80 €;853,10 €;853,10 €;903,90 €;987,80 €;878,80 €;702,30 €;702,30 €;752,80 €;880,00 €;907,40 €;635,00 €;611,00 €;586,50 €;559,10 €;559,00 €;;;;;;;;;;;;;;;;;;;;;;;;;;;;;;;;;;;;;;;;;;;;;;;;;;;;;;;
Koch;Freight;v2;14001;15000;SHP;694,40 €;779,60 €;781,90 €;682,60 €;608,40 €;684,10 €;666,70 €;666,70 €;648,40 €;648,40 €;657,60 €;688,80 €;709,60 €;723,70 €;733,70 €;716,60 €;557,30 €;545,10 €;545,10 €;545,10 €;610,40 €;666,70 €;670,00 €;447,00 €;469,70 €;456,70 €;469,70 €;452,70 €;418,20 €;388,20 €;420,20 €;474,50 €;550,20 €;567,30 €;500,10 €;586,40 €;550,70 €;464,50 €;462,60 €;445,10 €;429,90 €;423,70 €;429,90 €;469,40 €;372,50 €;317,80 €;534,80 €;547,70 €;505,10 €;608,00 €;635,20 €;641,00 €;609,00 €;505,10 €;429,00 €;414,40 €;607,50 €;607,50 €;601,90 €;665,90 €;617,40 €;845,10 €;808,40 €;808,40 €;817,90 €;866,20 €;866,20 €;880,70 €;864,70 €;834,50 €;874,40 €;804,50 €;914,30 €;937,70 €;934,70 €;935,10 €;935,10 €;1.007,40 €;1.084,00 €;1.075,30 €;975,40 €;975,40 €;1.035,70 €;1.131,90 €;1.004,40 €;797,50 €;797,50 €;857,80 €;1.008,70 €;1.040,50 €;721,80 €;694,60 €;665,20 €;634,90 €;633,00 €;;;;;;;;;;;;;;;;;;;;;;;;;;;;;;;;;;;;;;;;;;;;;;;;;;;;;;;
Koch;Freight;v2;15001;16000;SHP;728,30 €;818,60 €;820,70 €;714,50 €;636,00 €;715,70 €;698,40 €;698,40 €;676,10 €;676,10 €;685,70 €;717,10 €;740,70 €;756,50 €;770,80 €;750,70 €;577,50 €;563,20 €;563,20 €;563,20 €;633,40 €;695,10 €;697,90 €;453,00 €;478,90 €;464,50 €;484,80 €;464,80 €;428,50 €;392,40 €;424,60 €;487,40 €;569,20 €;587,10 €;514,40 €;605,10 €;570,40 €;479,10 €;477,40 €;458,00 €;440,40 €;435,40 €;440,40 €;483,10 €;376,40 €;330,20 €;552,30 €;566,60 €;513,70 €;619,90 €;651,50 €;656,10 €;622,50 €;513,70 €;433,40 €;415,50 €;621,10 €;621,10 €;616,80 €;681,60 €;632,20 €;871,50 €;830,10 €;830,10 €;839,80 €;893,80 €;893,80 €;910,10 €;892,90 €;860,50 €;900,20 €;828,80 €;969,00 €;996,90 €;994,50 €;993,20 €;993,20 €;1.070,80 €;1.153,20 €;1.143,90 €;1.035,30 €;1.035,30 €;1.101,10 €;1.203,30 €;1.065,80 €;842,10 €;842,10 €;907,90 €;1.072,40 €;1.106,90 €;762,80 €;734,00 €;701,80 €;670,20 €;667,30 €;;;;;;;;;;;;;;;;;;;;;;;;;;;;;;;;;;;;;;;;;;;;;;;;;;;;;;;
Koch;Freight;v2;16001;17000;SHP;775,60 €;872,10 €;874,00 €;760,60 €;677,00 €;761,90 €;743,50 €;743,50 €;719,10 €;719,10 €;729,30 €;763,10 €;788,30 €;805,00 €;821,10 €;799,10 €;614,00 €;598,70 €;598,70 €;598,70 €;673,70 €;739,70 €;742,30 €;480,30 €;498,80 €;482,80 €;507,50 €;485,70 €;447,30 €;406,70 €;440,00 €;509,30 €;596,60 €;615,90 €;538,10 €;633,60 €;598,50 €;501,60 €;500,00 €;479,10 €;459,50 €;454,90 €;459,50 €;505,40 €;390,10 €;347,40 €;578,60 €;594,10 €;541,50 €;653,20 €;686,60 €;691,40 €;655,70 €;541,50 €;456,50 €;428,90 €;654,60 €;654,60 €;650,70 €;718,50 €;666,50 €;919,60 €;875,00 €;875,00 €;885,30 €;943,20 €;943,20 €;960,90 €;942,50 €;908,40 €;950,00 €;874,70 €;1.022,60 €;1.054,60 €;1.052,20 €;1.049,60 €;1.049,60 €;1.132,40 €;1.220,20 €;1.210,40 €;1.093,90 €;1.093,90 €;1.164,50 €;1.272,60 €;1.125,70 €;886,90 €;886,90 €;957,50 €;1.134,40 €;1.171,20 €;803,40 €;773,10 €;738,50 €;705,40 €;701,30 €;;;;;;;;;;;;;;;;;;;;;;;;;;;;;;;;;;;;;;;;;;;;;;;;;;;;;;;
Koch;Freight;v2;17001;18000;SHP;839,80 €;951,40 €;961,90 €;821,00 €;728,60 €;821,00 €;842,20 €;842,20 €;776,40 €;776,40 €;787,20 €;804,00 €;859,90 €;856,80 €;928,40 €;868,30 €;660,70 €;643,00 €;643,00 €;643,00 €;725,10 €;799,10 €;788,40 €;510,70 €;523,00 €;504,90 €;537,80 €;512,30 €;471,00 €;422,80 €;457,50 €;537,30 €;633,30 €;654,30 €;568,60 €;671,20 €;636,10 €;531,10 €;529,80 €;506,30 €;483,80 €;480,00 €;483,80 €;534,10 €;405,60 €;368,40 €;613,50 €;630,70 €;579,20 €;687,90 €;754,30 €;730,50 €;708,90 €;579,20 €;484,20 €;445,40 €;706,90 €;706,90 €;687,60 €;758,80 €;704,10 €;993,30 €;933,20 €;933,20 €;944,10 €;1.020,40 €;1.020,40 €;1.042,30 €;1.020,30 €;976,50 €;1.020,40 €;939,80 €;1.115,00 €;1.142,50 €;1.167,10 €;1.157,00 €;1.157,00 €;1.251,10 €;1.353,50 €;1.342,50 €;1.201,40 €;1.201,40 €;1.288,40 €;1.408,00 €;1.224,20 €;951,50 €;951,50 €;1.038,40 €;1.229,30 €;1.299,10 €;864,70 €;832,00 €;788,30 €;755,80 €;744,80 €;;;;;;;;;;;;;;;;;;;;;;;;;;;;;;;;;;;;;;;;;;;;;;;;;;;;;;;
Koch;Freight;v2;18001;19000;SHP;847,80 €;998,00 €;1.009,00 €;861,20 €;764,50 €;861,40 €;883,50 €;883,50 €;781,80 €;781,80 €;792,80 €;828,70 €;902,10 €;898,90 €;974,10 €;910,90 €;663,70 €;645,40 €;645,40 €;645,40 €;728,70 €;813,20 €;827,10 €;513,30 €;524,60 €;506,00 €;539,60 €;513,00 €;471,40 €;423,40 €;458,20 €;538,00 €;636,20 €;657,30 €;569,90 €;673,60 €;639,30 €;532,90 €;531,60 €;507,30 €;483,90 €;480,80 €;483,90 €;535,40 €;406,20 €;371,60 €;615,80 €;639,40 €;583,60 €;689,30 €;769,10 €;765,50 €;721,70 €;583,60 €;485,90 €;446,30 €;707,50 €;707,50 €;720,70 €;795,10 €;738,00 €;1.040,90 €;978,10 €;978,10 €;989,60 €;1.069,70 €;1.069,70 €;1.092,50 €;1.069,60 €;1.023,70 €;1.069,70 €;994,60 €;1.169,90 €;1.198,70 €;1.198,90 €;1.213,80 €;1.213,80 €;1.312,70 €;1.390,30 €;1.379,00 €;1.260,50 €;1.260,50 €;1.351,80 €;1.477,20 €;1.243,50 €;998,20 €;998,20 €;1.089,30 €;1.289,80 €;1.334,40 €;907,10 €;873,00 €;827,00 €;792,90 €;781,20 €;;;;;;;;;;;;;;;;;;;;;;;;;;;;;;;;;;;;;;;;;;;;;;;;;;;;;;;
Koch;Freight;v2;19001;20000;SHP;878,00 €;1.029,40 €;1.040,90 €;888,40 €;788,40 €;888,50 €;911,20 €;911,20 €;806,10 €;806,10 €;817,50 €;871,10 €;930,50 €;927,30 €;1.004,70 €;939,70 €;681,20 €;661,00 €;661,00 €;661,00 €;748,80 €;845,40 €;853,20 €;528,20 €;529,90 €;509,80 €;552,80 €;523,60 €;480,20 €;423,40 €;458,20 €;549,10 €;652,80 €;674,90 €;582,60 €;690,00 €;656,90 €;545,60 €;544,80 €;518,40 €;493,10 €;490,80 €;493,10 €;547,40 €;406,20 €;378,20 €;631,20 €;668,90 €;601,00 €;709,70 €;807,00 €;788,30 €;743,00 €;601,00 €;494,50 €;453,30 €;719,30 €;719,30 €;742,00 €;818,60 €;759,80 €;1.071,80 €;1.006,90 €;1.006,90 €;1.018,70 €;1.101,30 €;1.101,30 €;1.125,00 €;1.101,30 €;1.054,10 €;1.101,30 €;1.043,80 €;1.206,70 €;1.259,60 €;1.275,80 €;1.252,20 €;1.252,20 €;1.354,00 €;1.479,40 €;1.467,50 €;1.300,40 €;1.300,40 €;1.394,30 €;1.523,90 €;1.403,60 €;1.029,60 €;1.029,60 €;1.123,70 €;1.355,20 €;1.420,00 €;935,60 €;900,30 €;853,20 €;817,80 €;806,00 €;;;;;;;;;;;;;;;;;;;;;;;;;;;;;;;;;;;;;;;;;;;;;;;;;;;;;;;
Koch;Freight;v2;20001;21000;SHP;892,40 €;1.044,50 €;1.055,80 €;901,60 €;799,90 €;901,50 €;924,70 €;924,70 €;817,50 €;817,50 €;829,20 €;876,60 €;944,00 €;940,70 €;1.005,10 €;953,60 €;689,70 €;668,40 €;668,40 €;668,40 €;758,40 €;861,30 €;865,80 €;535,40 €;533,50 €;512,80 €;558,90 €;528,40 €;484,50 €;424,90 €;459,90 €;554,50 €;660,70 €;683,30 €;588,30 €;697,60 €;665,20 €;551,60 €;551,00 €;523,80 €;497,20 €;495,50 €;497,20 €;553,10 €;407,70 €;381,30 €;638,40 €;683,80 €;609,20 €;719,50 €;816,80 €;799,00 €;753,20 €;609,20 €;501,50 €;459,60 €;748,50 €;748,50 €;752,20 €;829,80 €;770,20 €;1.086,40 €;1.020,70 €;1.020,70 €;1.032,60 €;1.116,20 €;1.116,20 €;1.140,20 €;1.116,30 €;1.068,50 €;1.116,30 €;1.068,50 €;1.224,40 €;1.305,00 €;1.292,00 €;1.270,50 €;1.270,50 €;1.373,90 €;1.498,10 €;1.486,10 €;1.319,30 €;1.319,30 €;1.414,70 €;1.546,00 €;1.408,20 €;1.044,60 €;1.044,60 €;1.140,40 €;1.403,70 €;1.437,90 €;949,10 €;913,40 €;865,60 €;829,80 €;818,00 €;;;;;;;;;;;;;;;;;;;;;;;;;;;;;;;;;;;;;;;;;;;;;;;;;;;;;;;
Koch;Freight;v2;21001;22000;SHP;947,90 €;1.070,20 €;1.070,20 €;923,40 €;819,40 €;923,40 €;947,90 €;947,90 €;862,30 €;862,30 €;874,40 €;911,10 €;947,90 €;972,30 €;1.009,00 €;972,30 €;721,60 €;697,10 €;697,10 €;697,10 €;795,00 €;886,70 €;886,70 €;544,20 €;568,70 €;544,20 €;605,40 €;568,70 €;519,80 €;446,40 €;483,10 €;574,80 €;691,00 €;715,50 €;611,50 €;727,70 €;697,10 €;574,80 €;574,80 €;544,20 €;513,70 €;513,70 €;513,70 €;574,80 €;412,50 €;384,80 €;666,50 €;715,50 €;648,20 €;788,80 €;850,00 €;850,00 €;801,10 €;648,20 €;513,70 €;470,90 €;770,50 €;770,50 €;770,50 €;850,00 €;788,80 €;1.113,00 €;1.045,70 €;1.045,70 €;1.057,90 €;1.143,60 €;1.143,60 €;1.168,00 €;1.143,60 €;1.094,60 €;1.143,60 €;1.094,60 €;1.302,50 €;1.363,60 €;1.363,60 €;1.351,50 €;1.351,50 €;1.461,50 €;1.522,70 €;1.510,50 €;1.351,50 €;1.351,50 €;1.449,30 €;1.583,80 €;1.412,60 €;1.070,20 €;1.070,20 €;1.168,00 €;1.412,60 €;1.461,50 €;972,30 €;935,60 €;886,70 €;850,00 €;837,80 €;;;;;;;;;;;;;;;;;;;;;;;;;;;;;;;;;;;;;;;;;;;;;;;;;;;;;;;
Koch;Freight;v2;22001;23000;SHP;947,90 €;1.070,20 €;1.070,20 €;923,40 €;819,40 €;923,40 €;947,90 €;947,90 €;862,30 €;862,30 €;874,40 €;911,10 €;947,90 €;972,30 €;1.009,00 €;972,30 €;721,60 €;697,10 €;697,10 €;697,10 €;795,00 €;886,70 €;886,70 €;544,20 €;568,70 €;544,20 €;605,40 €;568,70 €;519,80 €;446,40 €;483,10 €;574,80 €;691,00 €;715,50 €;611,50 €;727,70 €;697,10 €;574,80 €;574,80 €;544,20 €;513,70 €;513,70 €;513,70 €;574,80 €;412,50 €;384,80 €;666,50 €;715,50 €;648,20 €;788,80 €;850,00 €;850,00 €;801,10 €;648,20 €;513,70 €;470,90 €;770,50 €;770,50 €;770,50 €;850,00 €;788,80 €;1.113,00 €;1.045,70 €;1.045,70 €;1.057,90 €;1.143,60 €;1.143,60 €;1.168,00 €;1.143,60 €;1.094,60 €;1.143,60 €;1.094,60 €;1.302,50 €;1.363,60 €;1.363,60 €;1.351,50 €;1.351,50 €;1.461,50 €;1.522,70 €;1.510,50 €;1.351,50 €;1.351,50 €;1.449,30 €;1.583,80 €;1.412,60 €;1.070,20 €;1.070,20 €;1.168,00 €;1.412,60 €;1.461,50 €;972,30 €;935,60 €;886,70 €;850,00 €;837,80 €;;;;;;;;;;;;;;;;;;;;;;;;;;;;;;;;;;;;;;;;;;;;;;;;;;;;;;;
Koch;Freight;v2;23001;25000;SHP;947,90 €;1.070,20 €;1.070,20 €;923,40 €;819,40 €;923,40 €;947,90 €;947,90 €;862,30 €;862,30 €;874,40 €;911,10 €;947,90 €;972,30 €;1.009,00 €;972,30 €;721,60 €;697,10 €;697,10 €;697,10 €;795,00 €;886,70 €;886,70 €;544,20 €;568,70 €;544,20 €;605,40 €;568,70 €;519,80 €;446,40 €;483,10 €;574,80 €;691,00 €;715,50 €;611,50 €;727,70 €;697,10 €;574,80 €;574,80 €;544,20 €;513,70 €;513,70 €;513,70 €;574,80 €;412,50 €;384,80 €;666,50 €;715,50 €;648,20 €;788,80 €;850,00 €;850,00 €;801,10 €;648,20 €;513,70 €;470,90 €;770,50 €;770,50 €;770,50 €;850,00 €;788,80 €;1.113,00 €;1.045,70 €;1.045,70 €;1.057,90 €;1.143,60 €;1.143,60 €;1.168,00 €;1.143,60 €;1.094,60 €;1.143,60 €;1.094,60 €;1.302,50 €;1.363,60 €;1.363,60 €;1.351,50 €;1.351,50 €;1.461,50 €;1.522,70 €;1.510,50 €;1.351,50 €;1.351,50 €;1.449,30 €;1.583,80 €;1.412,60 €;1.070,20 €;1.070,20 €;1.168,00 €;1.412,60 €;1.461,50 €;972,30 €;935,60 €;886,70 €;850,00 €;837,80 €;;;;;;;;;;;;;;;;;;;;;;;;;;;;;;;;;;;;;;;;;;;;;;;;;;;;;;;
Koch;Freight;v2;25001;99999;SHP;947,90 €;1.070,20 €;1.070,20 €;923,40 €;819,40 €;923,40 €;947,90 €;947,90 €;862,30 €;862,30 €;874,40 €;911,10 €;947,90 €;972,30 €;1.009,00 €;972,30 €;721,60 €;697,10 €;697,10 €;697,10 €;795,00 €;886,70 €;886,70 €;544,20 €;568,70 €;544,20 €;605,40 €;568,70 €;519,80 €;446,40 €;483,10 €;574,80 €;691,00 €;715,50 €;611,50 €;727,70 €;697,10 €;574,80 €;574,80 €;544,20 €;513,70 €;513,70 €;513,70 €;574,80 €;412,50 €;384,80 €;666,50 €;715,50 €;648,20 €;788,80 €;850,00 €;850,00 €;801,10 €;648,20 €;513,70 €;470,90 €;770,50 €;770,50 €;770,50 €;850,00 €;788,80 €;1.113,00 €;1.045,70 €;1.045,70 €;1.057,90 €;1.143,60 €;1.143,60 €;1.168,00 €;1.143,60 €;1.094,60 €;1.143,60 €;1.094,60 €;1.302,50 €;1.363,60 €;1.363,60 €;1.351,50 €;1.351,50 €;1.461,50 €;1.522,70 €;1.510,50 €;1.351,50 €;1.351,50 €;1.449,30 €;1.583,80 €;1.412,60 €;1.070,20 €;1.070,20 €;1.168,00 €;1.412,60 €;1.461,50 €;972,30 €;935,60 €;886,70 €;850,00 €;837,80 €;;;;;;;;;;;;;;;;;;;;;;;;;;;;;;;;;;;;;;;;;;;;;;;;;;;;;;;
;;;;;;;;;;;;;;;;;;;;;;;;;;;;;;;;;;;;;;;;;;;;;;;;;;;;;;;;;;;;;;;;;;;;;;;;;;;;;;;;;;;;;;;;;;;;;;;;;;;;;;;;;;;;;;;;;;;;;;;;;;;;;;;;;;;;;;;;;;;;;;;;;;;;;;;;;;;
Berghegger;Freight;v3;1;4000;SHP;439,49 €;501,71 €;497,56 €;378,67 €;354,45 €;382,37 €;409,68 €;405,67 €;381,55 €;381,82 €;381,75 €;373,40 €;433,07 €;432,05 €;452,02 €;439,00 €;336,63 €;247,84 €;247,84 €;248,59 €;309,26 €;369,04 €;372,59 €;219,06 €;199,42 €;195,00 €;204,91 €;207,20 €;215,94 €;204,91 €;215,04 €;215,04 €;207,20 €;204,91 €;208,46 €;215,85 €;214,97 €;214,97 €;197,77 €;197,77 €;180,25 €;268,07 €;206,33 €;211,23 €;168,77 €;179,66 €;245,60 €;282,57 €;294,86 €;277,05 €;280,17 €;317,67 €;231,29 €;255,50 €;240,96 €;215,25 €;215,77 €;220,09 €;220,09 €;169,30 €;153,03 €;258,76 €;257,93 €;289,82 €;293,30 €;394,11 €;322,35 €;309,01 €;261,14 €;211,31 €;210,11 €;328,35 €;324,42 €;345,26 €;346,48 €;347,65 €;397,74 €;366,81 €;366,81 €;417,94 €;424,61 €;431,28 €;422,39 €;429,06 €;424,61 €;406,83 €;397,93 €;478,58 €;530,88 €;530,34 €;537,99 €;537,99 €;564,66 €;566,89 €;540,21 €;535,76 €;540,21 €;575,78 €;575,78 €;486,86 €;420,20 €;437,11 €;482,83 €;511,24 €;548,51 €;424,31 €;392,54 €;393,26 €;360,08 €;344,58 €;;;;;;;;;;;;;;;;;;;;;;;;;;;;;;;;;;;;;;;;
Berghegger;Freight;v3;4001;5000;SHP;459,03 €;524,01 €;519,67 €;395,50 €;370,20 €;399,36 €;427,89 €;423,70 €;398,50 €;398,79 €;398,72 €;389,99 €;452,32 €;451,25 €;472,11 €;458,51 €;351,60 €;258,85 €;258,85 €;259,64 €;323,01 €;385,44 €;389,15 €;228,79 €;209,18 €;207,27 €;214,82 €;219,40 €;231,88 €;214,82 €;230,08 €;230,08 €;219,40 €;214,82 €;221,92 €;231,70 €;229,94 €;229,94 €;205,54 €;205,54 €;188,26 €;279,98 €;215,50 €;220,62 €;176,27 €;187,65 €;256,52 €;295,13 €;307,96 €;289,36 €;292,63 €;331,79 €;241,57 €;266,85 €;251,67 €;224,81 €;225,36 €;229,87 €;229,87 €;176,82 €;159,83 €;270,26 €;269,40 €;302,70 €;306,34 €;411,62 €;336,67 €;322,74 €;272,75 €;220,70 €;219,44 €;342,94 €;338,83 €;360,60 €;361,88 €;363,11 €;415,42 €;383,11 €;383,11 €;436,52 €;443,48 €;450,45 €;441,16 €;448,13 €;443,48 €;424,91 €;415,62 €;499,85 €;554,48 €;553,91 €;561,90 €;561,90 €;589,76 €;592,08 €;564,22 €;559,58 €;564,22 €;601,37 €;601,37 €;508,49 €;438,88 €;456,54 €;504,29 €;533,96 €;572,89 €;443,17 €;409,99 €;410,74 €;376,09 €;359,89 €;;;;;;;;;;;;;;;;;;;;;;;;;;;;;;;;;;;;;;;;
Berghegger;Freight;v3;5001;6000;SHP;488,33 €;557,45 €;552,84 €;420,74 €;393,83 €;424,86 €;455,20 €;450,74 €;423,94 €;424,24 €;424,17 €;414,89 €;481,19 €;480,05 €;502,24 €;487,78 €;374,04 €;275,38 €;275,38 €;276,21 €;343,62 €;410,04 €;413,99 €;243,40 €;219,24 €;220,61 €;224,72 €;231,60 €;247,82 €;224,72 €;245,12 €;245,12 €;231,60 €;224,72 €;235,38 €;247,55 €;244,91 €;244,91 €;213,31 €;213,31 €;200,27 €;297,85 €;229,26 €;234,70 €;187,52 €;199,62 €;272,89 €;313,97 €;327,62 €;307,83 €;311,30 €;352,97 €;256,99 €;283,88 €;267,73 €;239,16 €;239,75 €;244,54 €;244,54 €;188,11 €;170,04 €;287,51 €;286,59 €;322,02 €;325,89 €;437,89 €;358,16 €;343,34 €;290,15 €;234,79 €;233,45 €;364,83 €;360,46 €;383,62 €;384,98 €;386,28 €;441,93 €;407,57 €;407,57 €;464,38 €;471,79 €;479,20 €;469,32 €;476,73 €;471,79 €;452,03 €;442,15 €;531,75 €;589,87 €;589,26 €;597,76 €;597,76 €;627,40 €;629,88 €;600,23 €;595,29 €;600,23 €;639,76 €;639,76 €;540,95 €;466,89 €;485,68 €;536,47 €;568,04 €;609,46 €;471,46 €;436,16 €;436,96 €;400,09 €;382,87 €;;;;;;;;;;;;;;;;;;;;;;;;;;;;;;;;;;;;;;;;
Berghegger;Freight;v3;6001;7000;SHP;517,63 €;590,90 €;586,01 €;445,99 €;417,46 €;450,35 €;482,51 €;477,79 €;449,38 €;449,70 €;449,62 €;439,78 €;510,06 €;508,86 €;532,38 €;517,05 €;396,48 €;291,90 €;291,90 €;292,79 €;364,24 €;434,65 €;438,83 €;258,00 €;229,18 €;233,82 €;234,63 €;243,80 €;263,76 €;234,63 €;260,16 €;260,16 €;243,80 €;234,63 €;248,84 €;263,40 €;259,88 €;259,88 €;221,08 €;221,08 €;212,29 €;315,72 €;243,01 €;248,79 €;198,77 €;211,60 €;289,26 €;332,80 €;347,28 €;326,30 €;329,98 €;374,15 €;272,41 €;300,92 €;283,79 €;253,51 €;254,13 €;259,21 €;259,21 €;199,39 €;180,24 €;304,76 €;303,79 €;341,34 €;345,44 €;464,17 €;379,65 €;363,94 €;307,56 €;248,88 €;247,46 €;386,72 €;382,09 €;406,64 €;408,08 €;409,46 €;468,45 €;432,02 €;432,02 €;492,24 €;500,10 €;507,95 €;497,48 €;505,33 €;500,10 €;479,15 €;468,68 €;563,66 €;625,26 €;624,62 €;633,63 €;633,63 €;665,05 €;667,67 €;636,25 €;631,01 €;636,25 €;678,14 €;678,14 €;573,41 €;494,91 €;514,82 €;568,66 €;602,12 €;646,03 €;499,75 €;462,33 €;463,17 €;424,10 €;405,84 €;;;;;;;;;;;;;;;;;;;;;;;;;;;;;;;;;;;;;;;;
Berghegger;Freight;v3;7001;8000;SHP;537,16 €;613,20 €;608,12 €;462,82 €;433,21 €;467,34 €;500,72 €;495,82 €;466,33 €;466,67 €;466,58 €;456,38 €;529,31 €;528,06 €;552,47 €;536,56 €;411,44 €;302,92 €;302,92 €;303,84 €;377,99 €;451,05 €;455,39 €;267,74 €;239,04 €;246,31 €;244,54 €;256,00 €;279,70 €;244,54 €;275,20 €;275,20 €;256,00 €;244,54 €;262,30 €;279,25 €;274,85 €;274,85 €;228,85 €;228,85 €;220,30 €;327,64 €;252,18 €;258,18 €;206,27 €;219,58 €;300,18 €;345,36 €;360,38 €;338,61 €;342,43 €;388,26 €;282,69 €;312,27 €;294,50 €;263,08 €;263,72 €;268,99 €;268,99 €;206,92 €;187,04 €;316,26 €;315,25 €;354,22 €;358,48 €;481,68 €;393,98 €;377,68 €;319,17 €;258,27 €;256,80 €;401,32 €;396,51 €;421,98 €;423,48 €;424,91 €;486,12 €;448,32 €;448,32 €;510,82 €;518,97 €;527,12 €;516,25 €;524,40 €;518,97 €;497,23 €;486,36 €;584,93 €;648,86 €;648,19 €;657,54 €;657,54 €;690,15 €;692,86 €;660,26 €;654,82 €;660,26 €;703,73 €;703,73 €;595,05 €;513,58 €;534,25 €;590,12 €;624,84 €;670,40 €;518,61 €;479,77 €;480,65 €;440,10 €;421,15 €;;;;;;;;;;;;;;;;;;;;;;;;;;;;;;;;;;;;;;;;
Berghegger;Freight;v3;8001;9000;SHP;585,99 €;668,94 €;663,41 €;504,89 €;472,60 €;509,83 €;546,24 €;540,89 €;508,73 €;509,09 €;509,00 €;497,86 €;577,42 €;576,06 €;602,69 €;585,34 €;448,85 €;330,45 €;330,45 €;331,46 €;412,35 €;492,05 €;496,79 €;292,08 €;248,83 €;258,19 €;254,45 €;268,20 €;295,64 €;254,45 €;290,24 €;290,24 €;268,20 €;254,45 €;275,76 €;295,10 €;289,82 €;289,82 €;236,62 €;236,62 €;240,33 €;357,42 €;275,11 €;281,65 €;225,03 €;239,55 €;327,47 €;376,76 €;393,14 €;369,40 €;373,56 €;423,56 €;308,39 €;340,66 €;321,28 €;287,00 €;287,70 €;293,45 €;293,45 €;225,73 €;204,04 €;345,01 €;343,91 €;386,42 €;391,07 €;525,47 €;429,80 €;412,01 €;348,19 €;281,75 €;280,14 €;437,80 €;432,55 €;460,34 €;461,98 €;463,54 €;530,32 €;489,08 €;489,08 €;557,25 €;566,15 €;575,04 €;563,18 €;572,07 €;566,15 €;542,43 €;530,58 €;638,11 €;707,84 €;707,12 €;717,32 €;717,32 €;752,89 €;755,85 €;720,28 €;714,35 €;720,28 €;767,71 €;767,71 €;649,14 €;560,27 €;582,81 €;643,77 €;681,65 €;731,35 €;565,75 €;523,39 €;524,35 €;480,11 €;459,44 €;;;;;;;;;;;;;;;;;;;;;;;;;;;;;;;;;;;;;;;;
Berghegger;Freight;v3;9001;10000;SHP;625,06 €;713,54 €;707,64 €;538,55 €;504,10 €;543,82 €;582,66 €;576,95 €;542,64 €;543,03 €;542,93 €;531,06 €;615,92 €;614,47 €;642,87 €;624,36 €;478,77 €;352,48 €;352,48 €;353,55 €;439,84 €;524,86 €;529,91 €;311,55 €;255,94 €;264,36 €;257,96 €;280,39 €;311,55 €;257,96 €;305,32 €;305,32 €;257,96 €;257,96 €;289,24 €;311,01 €;304,79 €;304,79 €;243,75 €;243,75 €;256,35 €;381,25 €;293,45 €;300,42 €;240,03 €;255,52 €;349,30 €;401,88 €;419,35 €;394,02 €;398,47 €;451,80 €;328,95 €;363,37 €;342,69 €;306,13 €;306,87 €;313,01 €;313,01 €;240,78 €;217,65 €;368,01 €;366,84 €;412,18 €;417,14 €;560,50 €;458,45 €;439,48 €;371,40 €;300,53 €;298,82 €;466,99 €;461,39 €;491,03 €;492,78 €;494,44 €;565,67 €;521,68 €;521,68 €;594,40 €;603,89 €;613,37 €;600,73 €;610,21 €;603,89 €;578,60 €;565,95 €;680,65 €;755,03 €;754,26 €;765,14 €;765,14 €;803,08 €;806,24 €;768,30 €;761,98 €;768,30 €;818,89 €;818,89 €;692,42 €;597,62 €;621,67 €;686,69 €;727,09 €;780,11 €;603,47 €;558,28 €;559,30 €;512,12 €;490,07 €;;;;;;;;;;;;;;;;;;;;;;;;;;;;;;;;;;;;;;;;
Berghegger;Freight;v3;10001;11000;SHP;664,12 €;758,14 €;751,86 €;572,21 €;535,61 €;577,80 €;619,07 €;613,01 €;576,56 €;576,97 €;576,87 €;564,25 €;654,41 €;652,87 €;683,05 €;663,38 €;508,69 €;366,44 €;366,44 €;375,65 €;467,33 €;557,66 €;563,03 €;331,02 €;267,75 €;280,88 €;274,08 €;297,92 €;331,02 €;274,08 €;324,40 €;324,40 €;274,08 €;274,08 €;307,32 €;330,45 €;323,84 €;323,84 €;255,00 €;255,00 €;272,37 €;405,08 €;311,79 €;319,20 €;245,22 €;261,04 €;371,13 €;426,99 €;445,56 €;418,65 €;423,37 €;480,04 €;349,51 €;386,08 €;364,11 €;325,26 €;326,05 €;332,57 €;332,57 €;245,99 €;222,35 €;391,01 €;389,77 €;437,94 €;443,21 €;595,54 €;487,10 €;466,95 €;394,61 €;319,32 €;317,49 €;496,17 €;490,23 €;521,72 €;523,57 €;525,35 €;601,03 €;554,29 €;554,29 €;631,55 €;641,63 €;651,71 €;638,27 €;648,35 €;641,63 €;614,76 €;601,32 €;723,19 €;802,22 €;801,40 €;812,96 €;812,96 €;853,27 €;856,63 €;816,32 €;809,60 €;816,32 €;870,07 €;870,07 €;735,69 €;634,97 €;660,52 €;729,60 €;772,53 €;828,86 €;641,19 €;593,18 €;594,26 €;544,13 €;520,70 €;;;;;;;;;;;;;;;;;;;;;;;;;;;;;;;;;;;;;;;;
Berghegger;Freight;v3;11001;12000;SHP;710,92 €;811,56 €;804,85 €;612,53 €;573,35 €;618,52 €;662,70 €;656,21 €;617,19 €;617,63 €;617,52 €;604,01 €;700,53 €;698,88 €;731,18 €;710,13 €;544,54 €;380,40 €;380,40 €;402,12 €;500,26 €;596,96 €;602,71 €;354,35 €;279,56 €;300,68 €;293,40 €;318,91 €;354,35 €;293,40 €;347,26 €;347,26 €;293,40 €;293,40 €;328,98 €;353,74 €;346,66 €;346,66 €;266,25 €;266,25 €;291,56 €;433,62 €;333,76 €;341,69 €;262,50 €;279,44 €;397,28 €;457,08 €;476,96 €;448,15 €;453,21 €;513,86 €;374,13 €;413,29 €;389,77 €;348,18 €;349,03 €;356,01 €;356,01 €;263,32 €;238,02 €;418,56 €;417,23 €;468,80 €;474,44 €;637,50 €;521,43 €;499,85 €;422,42 €;341,82 €;339,87 €;531,14 €;524,77 €;558,49 €;560,47 €;562,37 €;643,38 €;593,35 €;593,35 €;676,06 €;686,85 €;697,64 €;683,25 €;694,04 €;686,85 €;658,08 €;643,69 €;774,15 €;858,75 €;857,87 €;870,25 €;870,25 €;913,40 €;917,00 €;873,84 €;866,65 €;873,84 €;931,38 €;931,38 €;787,54 €;679,72 €;707,07 €;781,02 €;826,97 €;887,27 €;686,37 €;634,97 €;636,14 €;582,47 €;557,39 €;;;;;;;;;;;;;;;;;;;;;;;;;;;;;;;;;;;;;;;;
Berghegger;Freight;v3;12001;13000;SHP;740,14 €;844,91 €;837,92 €;637,70 €;596,92 €;643,94 €;689,93 €;683,18 €;642,55 €;643,01 €;642,90 €;628,83 €;729,32 €;727,60 €;761,23 €;739,31 €;566,92 €;394,36 €;394,36 €;418,65 €;520,82 €;621,49 €;627,47 €;368,91 €;288,88 €;313,03 €;305,46 €;332,02 €;368,91 €;305,46 €;361,53 €;361,53 €;305,46 €;305,46 €;342,49 €;368,27 €;360,91 €;360,91 €;275,13 €;275,13 €;303,55 €;451,44 €;347,48 €;355,73 €;273,29 €;290,92 €;413,61 €;475,87 €;496,56 €;466,57 €;471,83 €;534,98 €;389,51 €;430,27 €;405,79 €;362,49 €;363,37 €;370,64 €;370,64 €;274,14 €;247,80 €;435,77 €;434,38 €;488,07 €;493,94 €;663,70 €;542,86 €;520,39 €;439,78 €;355,86 €;353,83 €;552,97 €;546,34 €;581,44 €;583,50 €;585,48 €;669,82 €;617,73 €;617,73 €;703,84 €;715,07 €;726,31 €;711,33 €;722,56 €;715,07 €;685,12 €;670,15 €;805,96 €;894,05 €;893,13 €;906,01 €;906,01 €;950,94 €;954,68 €;909,75 €;902,27 €;909,75 €;969,66 €;969,66 €;819,90 €;707,65 €;736,13 €;813,11 €;860,96 €;923,74 €;714,58 €;661,07 €;662,28 €;606,41 €;580,30 €;;;;;;;;;;;;;;;;;;;;;;;;;;;;;;;;;;;;;;;;
Berghegger;Freight;v3;13001;14000;SHP;759,62 €;867,15 €;859,97 €;654,48 €;612,63 €;660,89 €;708,09 €;701,15 €;659,46 €;659,93 €;659,81 €;645,38 €;748,51 €;746,75 €;781,26 €;758,77 €;581,84 €;408,32 €;408,32 €;429,67 €;534,52 €;637,84 €;643,99 €;378,62 €;298,20 €;321,27 €;313,49 €;340,75 €;378,62 €;313,49 €;371,04 €;371,04 €;313,49 €;313,49 €;351,51 €;377,97 €;370,41 €;370,41 €;284,00 €;284,00 €;311,53 €;463,32 €;356,62 €;365,10 €;280,48 €;298,58 €;424,49 €;488,39 €;509,63 €;478,85 €;484,25 €;549,06 €;399,76 €;441,60 €;416,47 €;372,03 €;372,94 €;380,39 €;380,39 €;281,36 €;254,33 €;447,23 €;445,81 €;500,91 €;506,94 €;681,17 €;557,14 €;534,09 €;451,35 €;365,23 €;363,15 €;567,52 €;560,72 €;596,74 €;598,86 €;600,88 €;687,45 €;633,99 €;633,99 €;722,36 €;733,89 €;745,42 €;730,05 €;741,58 €;733,89 €;703,15 €;687,78 €;827,17 €;917,57 €;916,63 €;929,85 €;929,85 €;975,96 €;979,80 €;933,69 €;926,01 €;933,69 €;995,17 €;995,17 €;841,48 €;726,27 €;755,50 €;834,51 €;883,61 €;948,04 €;733,38 €;678,47 €;679,71 €;622,37 €;595,57 €;;;;;;;;;;;;;;;;;;;;;;;;;;;;;;;;;;;;;;;;
Berghegger;Freight;v3;14001;15000;SHP;779,09 €;889,38 €;882,02 €;671,27 €;628,33 €;677,83 €;726,24 €;719,13 €;676,37 €;676,85 €;676,73 €;661,93 €;767,70 €;765,89 €;801,30 €;778,22 €;596,75 €;422,28 €;422,28 €;440,68 €;548,23 €;654,20 €;660,50 €;388,32 €;307,52 €;329,51 €;321,53 €;349,49 €;388,32 €;321,53 €;380,56 €;380,56 €;321,53 €;321,53 €;360,52 €;387,66 €;379,90 €;379,90 €;292,88 €;292,88 €;319,52 €;475,20 €;365,77 €;374,46 €;287,67 €;306,24 €;435,38 €;500,91 €;522,70 €;491,12 €;496,67 €;563,14 €;410,01 €;452,92 €;427,15 €;381,57 €;382,50 €;390,15 €;390,15 €;288,57 €;260,85 €;458,70 €;457,24 €;513,76 €;519,94 €;698,63 €;571,43 €;547,78 €;462,92 €;374,59 €;372,46 €;582,07 €;575,10 €;612,04 €;614,21 €;616,29 €;705,07 €;650,25 €;650,25 €;740,89 €;752,71 €;764,53 €;748,77 €;760,59 €;752,71 €;721,18 €;705,42 €;848,38 €;941,10 €;940,14 €;953,69 €;953,69 €;1.000,99 €;1.004,93 €;957,64 €;949,75 €;957,64 €;1.020,69 €;1.020,69 €;863,05 €;744,90 €;774,87 €;855,91 €;906,27 €;972,35 €;752,19 €;695,86 €;697,14 €;638,32 €;610,84 €;;;;;;;;;;;;;;;;;;;;;;;;;;;;;;;;;;;;;;;;
Berghegger;Freight;v3;15001;16000;SHP;798,57 €;911,62 €;904,07 €;688,05 €;644,04 €;694,78 €;744,40 €;737,11 €;693,28 €;693,77 €;693,65 €;678,48 €;786,90 €;785,04 €;821,33 €;797,68 €;611,67 €;436,24 €;436,24 €;451,70 €;561,94 €;670,55 €;677,01 €;398,03 €;316,84 €;337,75 €;329,57 €;358,23 €;398,03 €;329,57 €;390,07 €;390,07 €;329,57 €;329,57 €;369,53 €;397,35 €;389,40 €;389,40 €;301,75 €;301,75 €;327,51 €;487,08 €;374,91 €;383,82 €;294,86 €;313,89 €;446,26 €;513,44 €;535,76 €;503,40 €;509,08 €;577,22 €;420,26 €;464,24 €;437,82 €;391,11 €;392,06 €;399,90 €;399,90 €;295,79 €;267,37 €;470,17 €;468,67 €;526,60 €;532,94 €;716,10 €;585,71 €;561,48 €;474,50 €;383,96 €;381,77 €;596,62 €;589,47 €;627,34 €;629,57 €;631,70 €;722,70 €;666,50 €;666,50 €;759,41 €;771,53 €;783,65 €;767,49 €;779,61 €;771,53 €;739,21 €;723,05 €;869,59 €;964,63 €;963,64 €;977,54 €;977,54 €;1.026,01 €;1.030,05 €;981,58 €;973,50 €;981,58 €;1.046,21 €;1.046,21 €;884,63 €;763,52 €;794,24 €;877,31 €;928,93 €;996,66 €;770,99 €;713,26 €;714,57 €;654,28 €;626,11 €;;;;;;;;;;;;;;;;;;;;;;;;;;;;;;;;;;;;;;;;
Berghegger;Freight;v3;16001;17000;SHP;818,05 €;933,85 €;926,12 €;704,83 €;659,75 €;711,72 €;762,55 €;755,09 €;710,19 €;710,70 €;710,57 €;695,02 €;806,09 €;804,19 €;841,36 €;817,14 €;626,59 €;450,20 €;450,20 €;462,72 €;575,64 €;686,91 €;693,52 €;407,74 €;326,16 €;345,98 €;337,61 €;366,97 €;407,74 €;337,61 €;399,59 €;399,59 €;337,61 €;337,61 €;378,55 €;407,04 €;398,90 €;398,90 €;310,63 €;310,63 €;335,50 €;498,96 €;384,05 €;393,18 €;302,05 €;321,55 €;457,15 €;525,96 €;548,83 €;515,68 €;521,50 €;591,29 €;430,51 €;475,57 €;448,50 €;400,65 €;401,62 €;409,66 €;409,66 €;303,00 €;273,89 €;481,64 €;480,10 €;539,45 €;545,93 €;733,56 €;600,00 €;575,17 €;486,07 €;393,32 €;391,08 €;611,17 €;603,85 €;642,64 €;644,92 €;647,11 €;740,33 €;682,76 €;682,76 €;777,93 €;790,34 €;802,76 €;786,21 €;798,62 €;790,34 €;757,24 €;740,69 €;890,80 €;988,16 €;987,14 €;1.001,38 €;1.001,38 €;1.051,03 €;1.055,17 €;1.005,52 €;997,24 €;1.005,52 €;1.071,72 €;1.071,72 €;906,21 €;782,14 €;813,61 €;898,71 €;951,58 €;1.020,97 €;789,79 €;730,66 €;731,99 €;670,24 €;641,38 €;;;;;;;;;;;;;;;;;;;;;;;;;;;;;;;;;;;;;;;;
Berghegger;Freight;v3;17001;18000;SHP;837,53 €;956,09 €;948,17 €;721,61 €;675,46 €;728,67 €;780,71 €;773,07 €;727,10 €;727,62 €;727,49 €;711,57 €;825,28 €;823,33 €;861,39 €;836,59 €;641,51 €;464,16 €;464,16 €;473,73 €;589,35 €;703,26 €;710,04 €;417,45 €;331,27 €;354,22 €;345,65 €;375,70 €;417,45 €;345,65 €;409,10 €;409,10 €;345,65 €;345,65 €;387,56 €;416,73 €;408,40 €;408,40 €;315,50 €;315,50 €;343,49 €;510,84 €;393,20 €;402,54 €;309,25 €;329,20 €;468,03 €;538,48 €;561,90 €;527,96 €;533,92 €;605,37 €;440,76 €;486,89 €;459,18 €;410,19 €;411,19 €;419,41 €;419,41 €;310,21 €;280,41 €;493,10 €;491,53 €;552,29 €;558,93 €;751,03 €;614,29 €;588,87 €;497,64 €;402,69 €;400,39 €;625,73 €;618,23 €;657,94 €;660,28 €;662,51 €;757,95 €;699,01 €;699,01 €;796,45 €;809,16 €;821,87 €;804,93 €;817,64 €;809,16 €;775,27 €;758,33 €;912,01 €;1.011,68 €;1.010,65 €;1.025,22 €;1.025,22 €;1.076,06 €;1.080,30 €;1.029,46 €;1.020,99 €;1.029,46 €;1.097,24 €;1.097,24 €;927,78 €;800,76 €;832,99 €;920,10 €;974,24 €;1.045,28 €;808,60 €;748,05 €;749,42 €;686,20 €;656,65 €;;;;;;;;;;;;;;;;;;;;;;;;;;;;;;;;;;;;;;;;
Berghegger;Freight;v3;18001;19000;SHP;866,74 €;989,44 €;981,25 €;746,78 €;699,02 €;754,09 €;807,94 €;800,03 €;752,46 €;753,00 €;752,87 €;736,39 €;854,07 €;852,06 €;891,44 €;865,78 €;663,89 €;478,12 €;478,12 €;490,26 €;609,91 €;727,80 €;734,81 €;432,01 €;336,39 €;366,58 €;357,70 €;388,81 €;432,01 €;357,70 €;423,37 €;423,37 €;357,70 €;357,70 €;401,08 €;431,27 €;422,64 €;422,64 €;320,37 €;320,37 €;355,47 €;528,66 €;406,92 €;416,58 €;320,03 €;340,69 €;484,36 €;557,27 €;581,50 €;546,37 €;552,54 €;626,49 €;456,14 €;503,87 €;475,20 €;424,50 €;425,53 €;434,04 €;434,04 €;321,04 €;290,19 €;510,30 €;508,68 €;571,56 €;578,43 €;777,23 €;635,71 €;609,41 €;515,00 €;416,74 €;414,36 €;647,55 €;639,79 €;680,90 €;683,31 €;685,62 €;784,39 €;723,40 €;723,40 €;824,24 €;837,39 €;850,54 €;833,00 €;846,16 €;837,39 €;802,32 €;784,78 €;943,82 €;1.046,97 €;1.045,90 €;1.060,99 €;1.060,99 €;1.113,60 €;1.117,98 €;1.065,37 €;1.056,60 €;1.065,37 €;1.135,52 €;1.135,52 €;960,15 €;828,70 €;862,04 €;952,20 €;1.008,23 €;1.081,74 €;836,81 €;774,15 €;775,57 €;710,14 €;679,56 €;;;;;;;;;;;;;;;;;;;;;;;;;;;;;;;;;;;;;;;;
Berghegger;Freight;v3;19001;20000;SHP;905,70 €;1.033,91 €;1.025,35 €;780,35 €;730,44 €;787,98 €;844,26 €;835,99 €;786,28 €;786,84 €;786,70 €;769,49 €;892,45 €;890,35 €;931,51 €;904,69 €;693,73 €;492,08 €;492,08 €;512,29 €;637,32 €;760,51 €;767,83 €;451,43 €;341,51 €;383,05 €;373,78 €;406,28 €;451,43 €;373,78 €;442,40 €;442,40 €;373,78 €;373,78 €;419,11 €;450,65 €;441,64 €;441,64 €;325,25 €;325,25 €;371,44 €;552,42 €;425,20 €;435,31 €;334,42 €;356,00 €;506,13 €;582,31 €;607,64 €;570,93 €;577,37 €;654,65 €;476,64 €;526,52 €;496,56 €;443,58 €;444,66 €;453,55 €;453,55 €;335,46 €;303,23 €;533,24 €;531,54 €;597,24 €;604,43 €;812,16 €;664,29 €;636,80 €;538,15 €;435,47 €;432,98 €;676,66 €;668,55 €;711,50 €;714,02 €;716,44 €;819,65 €;755,91 €;755,91 €;861,28 €;875,02 €;888,77 €;870,44 €;884,19 €;875,02 €;838,37 €;820,05 €;986,24 €;1.094,03 €;1.092,91 €;1.108,67 €;1.108,67 €;1.163,65 €;1.168,23 €;1.113,25 €;1.104,09 €;1.113,25 €;1.186,55 €;1.186,55 €;1.003,30 €;865,94 €;900,79 €;995,00 €;1.053,54 €;1.130,36 €;874,42 €;808,94 €;810,42 €;742,05 €;710,10 €;;;;;;;;;;;;;;;;;;;;;;;;;;;;;;;;;;;;;;;;
Berghegger;Freight;v3;20001;21000;SHP;944,65 €;1.078,38 €;1.069,45 €;813,91 €;761,85 €;821,87 €;880,57 €;871,95 €;820,10 €;820,68 €;820,54 €;802,59 €;930,84 €;928,65 €;971,57 €;943,60 €;723,57 €;506,04 €;506,04 €;534,33 €;664,73 €;793,22 €;800,86 €;470,84 €;346,63 €;399,53 €;389,86 €;423,76 €;470,84 €;389,86 €;461,43 €;461,43 €;389,86 €;389,86 €;437,13 €;470,03 €;460,63 €;460,63 €;330,12 €;330,12 €;387,42 €;576,18 €;443,49 €;454,03 €;348,80 €;371,31 €;527,90 €;607,36 €;633,77 €;595,49 €;602,21 €;682,80 €;497,14 €;549,17 €;517,91 €;462,65 €;463,78 €;473,05 €;473,05 €;349,89 €;316,28 €;556,17 €;554,40 €;622,93 €;630,42 €;847,09 €;692,86 €;664,19 €;561,30 €;454,20 €;451,60 €;705,76 €;697,30 €;742,10 €;744,73 €;747,25 €;854,90 €;788,42 €;788,42 €;898,33 €;912,66 €;927,00 €;907,88 €;922,22 €;912,66 €;874,43 €;855,32 €;1.028,66 €;1.141,08 €;1.139,91 €;1.156,35 €;1.156,35 €;1.213,69 €;1.218,47 €;1.161,13 €;1.151,58 €;1.161,13 €;1.237,59 €;1.237,59 €;1.046,45 €;903,19 €;939,53 €;1.037,79 €;1.098,85 €;1.178,98 €;912,02 €;843,73 €;845,28 €;773,97 €;740,64 €;;;;;;;;;;;;;;;;;;;;;;;;;;;;;;;;;;;;;;;;
Berghegger;Freight;v3;21001;22000;SHP;970,00 €;1.105,00 €;1.095,00 €;830,00 €;780,00 €;840,00 €;905,00 €;895,00 €;840,00 €;840,00 €;840,00 €;820,00 €;950,00 €;950,00 €;995,00 €;965,00 €;740,00 €;520,00 €;520,00 €;550,85 €;685,00 €;810,00 €;815,00 €;485,41 €;350,00 €;402,00 €;410,00 €;435,00 €;485,00 €;410,00 €;475,00 €;475,00 €;410,00 €;410,00 €;450,00 €;480,00 €;470,00 €;470,00 €;335,00 €;340,00 €;395,00 €;590,00 €;450,00 €;465,00 €;355,00 €;378,00 €;540,00 €;620,00 €;650,00 €;613,00 €;620,00 €;695,00 €;505,00 €;555,00 €;530,00 €;470,00 €;470,00 €;487,00 €;487,00 €;360,00 €;362,00 €;570,00 €;570,00 €;640,00 €;645,00 €;860,00 €;710,00 €;675,00 €;570,00 €;465,00 €;465,00 €;720,00 €;715,00 €;765,00 €;765,00 €;765,00 €;880,00 €;805,00 €;810,00 €;910,00 €;940,00 €;955,00 €;935,00 €;950,00 €;940,00 €;900,00 €;880,00 €;1.050,00 €;1.150,00 €;1.150,00 €;1.190,00 €;1.190,00 €;1.250,00 €;1.250,00 €;1.195,00 €;1.187,00 €;1.190,00 €;1.260,00 €;1.270,00 €;1.075,00 €;930,00 €;960,00 €;1.050,00 €;1.130,00 €;1.195,00 €;930,00 €;865,00 €;860,00 €;790,00 €;760,00 €;;;;;;;;;;;;;;;;;;;;;;;;;;;;;;;;;;;;;;;;
Berghegger;Freight;v3;22001;23000;SHP;970,00 €;1.105,00 €;1.095,00 €;830,00 €;780,00 €;840,00 €;905,00 €;895,00 €;840,00 €;840,00 €;840,00 €;820,00 €;950,00 €;950,00 €;995,00 €;965,00 €;740,00 €;520,00 €;520,00 €;550,85 €;685,00 €;810,00 €;815,00 €;485,41 €;350,00 €;402,00 €;410,00 €;435,00 €;485,00 €;410,00 €;475,00 €;475,00 €;410,00 €;410,00 €;450,00 €;480,00 €;470,00 €;470,00 €;335,00 €;340,00 €;395,00 €;590,00 €;450,00 €;465,00 €;355,00 €;378,00 €;540,00 €;620,00 €;650,00 €;613,00 €;620,00 €;695,00 €;505,00 €;555,00 €;530,00 €;470,00 €;470,00 €;487,00 €;487,00 €;360,00 €;362,00 €;570,00 €;570,00 €;640,00 €;645,00 €;860,00 €;710,00 €;675,00 €;570,00 €;465,00 €;465,00 €;720,00 €;715,00 €;765,00 €;765,00 €;765,00 €;880,00 €;805,00 €;810,00 €;910,00 €;940,00 €;955,00 €;935,00 €;950,00 €;940,00 €;900,00 €;880,00 €;1.050,00 €;1.150,00 €;1.150,00 €;1.190,00 €;1.190,00 €;1.250,00 €;1.250,00 €;1.195,00 €;1.187,00 €;1.190,00 €;1.260,00 €;1.270,00 €;1.075,00 €;930,00 €;960,00 €;1.050,00 €;1.130,00 €;1.195,00 €;930,00 €;865,00 €;860,00 €;790,00 €;760,00 €;;;;;;;;;;;;;;;;;;;;;;;;;;;;;;;;;;;;;;;;
Berghegger;Freight;v3;23001;25000;SHP;970,00 €;1.105,00 €;1.095,00 €;830,00 €;780,00 €;840,00 €;905,00 €;895,00 €;840,00 €;840,00 €;840,00 €;820,00 €;950,00 €;950,00 €;995,00 €;965,00 €;740,00 €;520,00 €;520,00 €;550,85 €;685,00 €;810,00 €;815,00 €;485,41 €;350,00 €;402,00 €;410,00 €;435,00 €;485,00 €;410,00 €;475,00 €;475,00 €;410,00 €;410,00 €;450,00 €;480,00 €;470,00 €;470,00 €;335,00 €;340,00 €;395,00 €;590,00 €;450,00 €;465,00 €;355,00 €;378,00 €;540,00 €;620,00 €;650,00 €;613,00 €;620,00 €;695,00 €;505,00 €;555,00 €;530,00 €;470,00 €;470,00 €;487,00 €;487,00 €;360,00 €;362,00 €;570,00 €;570,00 €;640,00 €;645,00 €;860,00 €;710,00 €;675,00 €;570,00 €;465,00 €;465,00 €;720,00 €;715,00 €;765,00 €;765,00 €;765,00 €;880,00 €;805,00 €;810,00 €;910,00 €;940,00 €;955,00 €;935,00 €;950,00 €;940,00 €;900,00 €;880,00 €;1.050,00 €;1.150,00 €;1.150,00 €;1.190,00 €;1.190,00 €;1.250,00 €;1.250,00 €;1.195,00 €;1.187,00 €;1.190,00 €;1.260,00 €;1.270,00 €;1.075,00 €;930,00 €;960,00 €;1.050,00 €;1.130,00 €;1.195,00 €;930,00 €;865,00 €;860,00 €;790,00 €;760,00 €;;;;;;;;;;;;;;;;;;;;;;;;;;;;;;;;;;;;;;;;
;;;;;;;;;;;;;;;;;;;;;;;;;;;;;;;;;;;;;;;;;;;;;;;;;;;;;;;;;;;;;;;;;;;;;;;;;;;;;;;;;;;;;;;;;;;;;;;;;;;;;;;;;;;;;;;;;;;;;;;;;;;;;;;;;;;;;;;;;;;;;;;;;;;;;;;;;;;
Böckmann;Freight;v3;1;4000;SHP;339,15 €;356,06 €;351,83 €;313,80 €;274,70 €;289,50 €;285,27 €;275,76 €;428,96 €;433,19 €;432,13 €;435,30 €;399,38 €;475,45 €;441,64 €;420,51 €;363,46 €;314,85 €;323,31 €;315,91 €;322,25 €;391,98 €;372,96 €;214,94 €;270,22 €;218,01 €;325,42 €;286,20 €;289,50 €;265,20 €;265,92 €;238,78 €;247,23 €;247,23 €;247,23 €;262,03 €;275,76 €;313,80 €;269,42 €;266,25 €;315,91 €;311,68 €;316,97 €;304,29 €;221,09 €;179,94 €;315,91 €;266,25 €;316,97 €;279,99 €;326,48 €;311,68 €;270,48 €;263,08 €;266,25 €;278,93 €;247,23 €;247,23 €;254,63 €;247,23 €;247,23 €;315,91 €;315,91 €;294,78 €;266,25 €;314,85 €;316,97 €;328,59 €;323,31 €;294,78 €;314,85 €;314,85 €;316,97 €;338,10 €;357,12 €;439,53 €;438,47 €;468,05 €;364,51 €;402,55 €;433,19 €;377,19 €;396,21 €;340,21 €;326,48 €;388,81 €;380,36 €;383,53 €;407,83 €;424,74 €;316,97 €;284,21 €;267,31 €;299,01 €;313,80 €;315,00 €;233,37 €;282,50 €;227,23 €;257,93 €;242,58 €;495,00 €;195,00 €;195,00 €;195,00 €;195,00 €;195,00 €;195,00 €;195,00 €;195,00 €;;;;;;;;;;;;;;;;;;;;;;;;;;;;;;;;;;;;;;;;
Böckmann;Freight;v3;4001;5000;SHP;339,15 €;356,06 €;351,83 €;313,80 €;274,70 €;289,50 €;285,27 €;275,76 €;428,96 €;433,19 €;432,13 €;435,30 €;399,38 €;475,45 €;441,64 €;420,51 €;363,46 €;314,85 €;323,31 €;315,91 €;322,25 €;391,98 €;372,96 €;214,94 €;270,22 €;218,01 €;325,42 €;286,20 €;289,50 €;265,20 €;265,92 €;238,78 €;247,23 €;247,23 €;247,23 €;262,03 €;275,76 €;313,80 €;269,42 €;266,25 €;315,91 €;311,68 €;316,97 €;304,29 €;221,09 €;179,94 €;315,91 €;266,25 €;316,97 €;279,99 €;326,48 €;311,68 €;270,48 €;263,08 €;266,25 €;278,93 €;247,23 €;247,23 €;254,63 €;247,23 €;247,23 €;315,91 €;315,91 €;294,78 €;266,25 €;314,85 €;316,97 €;328,59 €;323,31 €;294,78 €;314,85 €;314,85 €;316,97 €;338,10 €;357,12 €;439,53 €;438,47 €;468,05 €;364,51 €;402,55 €;433,19 €;377,19 €;396,21 €;340,21 €;326,48 €;388,81 €;380,36 €;383,53 €;407,83 €;424,74 €;316,97 €;284,21 €;267,31 €;299,01 €;313,80 €;315,00 €;233,37 €;282,50 €;227,23 €;257,93 €;242,58 €;495,00 €;195,00 €;195,00 €;195,00 €;195,00 €;195,00 €;195,00 €;195,00 €;195,00 €;;;;;;;;;;;;;;;;;;;;;;;;;;;;;;;;;;;;;;;;
Böckmann;Freight;v3;5001;6000;SHP;339,15 €;356,06 €;351,83 €;313,80 €;274,70 €;289,50 €;285,27 €;275,76 €;428,96 €;433,19 €;432,13 €;435,30 €;399,38 €;475,45 €;441,64 €;420,51 €;363,46 €;314,85 €;323,31 €;315,91 €;322,25 €;391,98 €;372,96 €;214,94 €;270,22 €;218,01 €;325,42 €;286,20 €;289,50 €;265,20 €;265,92 €;238,78 €;247,23 €;247,23 €;247,23 €;262,03 €;275,76 €;313,80 €;269,42 €;266,25 €;315,91 €;311,68 €;316,97 €;304,29 €;221,09 €;179,94 €;315,91 €;266,25 €;316,97 €;279,99 €;326,48 €;311,68 €;270,48 €;263,08 €;266,25 €;278,93 €;247,23 €;247,23 €;254,63 €;247,23 €;247,23 €;315,91 €;315,91 €;294,78 €;266,25 €;314,85 €;316,97 €;328,59 €;323,31 €;294,78 €;314,85 €;314,85 €;316,97 €;338,10 €;357,12 €;439,53 €;438,47 €;468,05 €;364,51 €;402,55 €;433,19 €;377,19 €;396,21 €;340,21 €;326,48 €;388,81 €;380,36 €;383,53 €;407,83 €;424,74 €;316,97 €;284,21 €;267,31 €;299,01 €;313,80 €;315,00 €;233,37 €;282,50 €;227,23 €;257,93 €;242,58 €;495,00 €;195,00 €;195,00 €;195,00 €;195,00 €;195,00 €;195,00 €;195,00 €;195,00 €;;;;;;;;;;;;;;;;;;;;;;;;;;;;;;;;;;;;;;;;
Böckmann;Freight;v3;6001;7000;SHP;836,37 €;922,48 €;836,37 €;692,61 €;650,67 €;750,07 €;836,37 €;778,72 €;663,78 €;663,78 €;663,78 €;657,78 €;721,43 €;750,07 €;778,72 €;663,78 €;557,74 €;433,92 €;433,92 €;433,92 €;495,85 €;588,58 €;526,89 €;252,88 €;317,90 €;256,49 €;467,33 €;286,20 €;373,74 €;330,04 €;312,84 €;467,30 €;557,74 €;557,74 €;495,85 €;433,92 €;495,85 €;433,92 €;433,92 €;433,92 €;330,04 €;373,74 €;373,74 €;433,92 €;260,10 €;211,69 €;420,00 €;433,92 €;480,00 €;442,50 €;567,00 €;692,61 €;538,65 €;488,48 €;400,28 €;370,00 €;600,00 €;600,00 €;630,00 €;610,00 €;610,00 €;778,72 €;778,72 €;690,00 €;721,43 €;893,84 €;893,84 €;922,48 €;865,19 €;807,55 €;807,55 €;778,72 €;893,84 €;1.020,17 €;967,51 €;1.046,49 €;1.046,49 €;1.151,81 €;1.151,81 €;1.020,17 €;1.020,17 €;1.020,17 €;1.046,49 €;1.072,82 €;941,18 €;836,37 €;807,55 €;922,48 €;967,51 €;1.099,15 €;836,39 €;750,07 €;692,61 €;663,78 €;663,78 €;315,00 €;274,55;332,35;267,325;303,45;260,1;495,00 €;195,00 €;195,00 €;195,00 €;195,00 €;195,00 €;195,00 €;195,00 €;195,00 €;;;;;;;;;;;;;;;;;;;;;;;;;;;;;;;;;;;;;;;;
Böckmann;Freight;v3;7001;8000;SHP;836,37 €;922,48 €;836,37 €;692,61 €;650,67 €;750,07 €;836,37 €;778,72 €;663,78 €;663,78 €;663,78 €;657,78 €;721,43 €;750,07 €;778,72 €;663,78 €;557,74 €;433,92 €;433,92 €;433,92 €;495,85 €;588,58 €;526,89 €;252,88 €;317,90 €;256,49 €;467,33 €;286,20 €;373,74 €;330,04 €;312,84 €;467,30 €;557,74 €;557,74 €;495,85 €;433,92 €;495,85 €;433,92 €;433,92 €;433,92 €;330,04 €;373,74 €;373,74 €;433,92 €;260,10 €;211,69 €;420,00 €;433,92 €;480,00 €;442,50 €;567,00 €;692,61 €;538,65 €;488,48 €;400,28 €;370,00 €;600,00 €;600,00 €;630,00 €;610,00 €;610,00 €;778,72 €;778,72 €;690,00 €;721,43 €;893,84 €;893,84 €;922,48 €;865,19 €;807,55 €;807,55 €;778,72 €;893,84 €;1.020,17 €;967,51 €;1.046,49 €;1.046,49 €;1.151,81 €;1.151,81 €;1.020,17 €;1.020,17 €;1.020,17 €;1.046,49 €;1.072,82 €;941,18 €;836,37 €;807,55 €;922,48 €;967,51 €;1.099,15 €;836,39 €;750,07 €;692,61 €;663,78 €;663,78 €;315,00 €;274,55;332,35;267,325;303,45;260,1;495,00 €;195,00 €;195,00 €;195,00 €;195,00 €;195,00 €;195,00 €;195,00 €;195,00 €;;;;;;;;;;;;;;;;;;;;;;;;;;;;;;;;;;;;;;;;
Böckmann;Freight;v3;8001;9000;SHP;836,37 €;922,48 €;836,37 €;692,61 €;650,67 €;750,07 €;836,37 €;778,72 €;663,78 €;663,78 €;663,78 €;657,78 €;721,43 €;750,07 €;778,72 €;663,78 €;557,74 €;433,92 €;433,92 €;433,92 €;495,85 €;588,58 €;526,89 €;252,88 €;317,90 €;256,49 €;467,33 €;286,20 €;373,74 €;330,04 €;312,84 €;467,30 €;557,74 €;557,74 €;495,85 €;433,92 €;495,85 €;433,92 €;433,92 €;433,92 €;330,04 €;373,74 €;373,74 €;433,92 €;260,10 €;211,69 €;420,00 €;433,92 €;480,00 €;442,50 €;567,00 €;692,61 €;538,65 €;488,48 €;400,28 €;370,00 €;600,00 €;600,00 €;630,00 €;610,00 €;610,00 €;778,72 €;778,72 €;690,00 €;721,43 €;893,84 €;893,84 €;922,48 €;865,19 €;807,55 €;807,55 €;778,72 €;893,84 €;1.020,17 €;967,51 €;1.046,49 €;1.046,49 €;1.151,81 €;1.151,81 €;1.020,17 €;1.020,17 €;1.020,17 €;1.046,49 €;1.072,82 €;941,18 €;836,37 €;807,55 €;922,48 €;967,51 €;1.099,15 €;836,39 €;750,07 €;692,61 €;663,78 €;663,78 €;315,00 €;274,55;332,35;267,325;303,45;260,1;495,00 €;195,00 €;195,00 €;195,00 €;195,00 €;195,00 €;195,00 €;195,00 €;195,00 €;;;;;;;;;;;;;;;;;;;;;;;;;;;;;;;;;;;;;;;;
Böckmann;Freight;v3;9001;10000;SHP;1.074,08 €;1.184,66 €;1.074,08 €;889,78 €;835,77 €;963,50 €;1.074,08 €;1.000,36 €;852,07 €;852,07 €;852,07 €;844,34 €;926,64 €;963,50 €;1.000,36 €;852,07 €;716,62 €;557,18 €;557,18 €;557,18 €;636,90 €;756,06 €;676,34 €;252,88 €;317,90 €;256,49 €;600,04 €;366,88 €;480,03 €;424,31 €;312,84 €;540,00 €;716,62 €;716,62 €;636,90 €;557,18 €;636,90 €;495,00 €;557,18 €;557,18 €;424,31 €;480,03 €;480,03 €;557,18 €;260,10 €;211,69 €;540,00 €;557,18 €;612,00 €;531,00 €;630,00 €;855,00 €;598,50 €;588,00 €;480,00 €;432,00 €;765,00 €;765,00 €;738,00 €;760,00 €;760,00 €;900,00 €;900,00 €;518,15 €;900,00 €;1.147,80 €;1.147,80 €;1.182,80 €;1.110,94 €;1.037,22 €;1.037,22 €;1.000,36 €;1.147,80 €;1.323,30 €;1.252,09 €;1.358,90 €;1.358,90 €;1.501,32 €;1.501,32 €;1.323,30 €;1.323,30 €;1.323,30 €;1.358,90 €;1.394,51 €;1.216,49 €;1.074,08 €;1.037,22 €;1.184,66 €;1.252,09 €;1.430,12 €;1.074,08 €;963,50 €;889,78 €;852,07 €;852,07 €;315,00 €;274,55;332,35;267,325;303,45;260,1;495,00 €;195,00 €;195,00 €;195,00 €;195,00 €;195,00 €;195,00 €;195,00 €;195,00 €;;;;;;;;;;;;;;;;;;;;;;;;;;;;;;;;;;;;;;;;
Böckmann;Freight;v3;10001;11000;SHP;1.074,08 €;1.184,66 €;1.074,08 €;889,78 €;835,77 €;963,50 €;1.074,08 €;1.000,36 €;852,07 €;852,07 €;852,07 €;844,34 €;926,64 €;963,50 €;1.000,36 €;852,07 €;716,62 €;557,18 €;557,18 €;557,18 €;636,90 €;756,06 €;676,34 €;252,88 €;317,90 €;256,49 €;600,04 €;366,88 €;480,03 €;424,31 €;312,84 €;540,00 €;716,62 €;716,62 €;636,90 €;557,18 €;636,90 €;495,00 €;557,18 €;557,18 €;424,31 €;480,03 €;480,03 €;557,18 €;260,10 €;211,69 €;540,00 €;557,18 €;612,00 €;531,00 €;630,00 €;855,00 €;598,50 €;588,00 €;480,00 €;432,00 €;765,00 €;765,00 €;738,00 €;760,00 €;760,00 €;900,00 €;900,00 €;575,73 €;900,00 €;1.147,80 €;1.147,80 €;1.182,80 €;1.110,94 €;1.037,22 €;1.037,22 €;1.000,36 €;1.147,80 €;1.323,30 €;1.252,09 €;1.358,90 €;1.358,90 €;1.501,32 €;1.501,32 €;1.323,30 €;1.323,30 €;1.323,30 €;1.358,90 €;1.394,51 €;1.216,49 €;1.074,08 €;1.037,22 €;1.184,66 €;1.252,09 €;1.430,12 €;1.074,08 €;963,50 €;889,78 €;852,07 €;852,07 €;315,00 €;274,55;332,35;267,325;303,45;260,1;495,00 €;195,00 €;195,00 €;195,00 €;195,00 €;195,00 €;195,00 €;195,00 €;195,00 €;;;;;;;;;;;;;;;;;;;;;;;;;;;;;;;;;;;;;;;;
Böckmann;Freight;v3;11001;12000;SHP;1.074,08 €;1.184,66 €;1.074,08 €;889,78 €;835,77 €;963,50 €;1.074,08 €;1.000,36 €;852,07 €;852,07 €;852,07 €;844,34 €;926,64 €;963,50 €;1.000,36 €;852,07 €;716,62 €;557,18 €;557,18 €;557,18 €;636,90 €;756,06 €;676,34 €;252,88 €;317,90 €;256,49 €;600,04 €;366,88 €;480,03 €;424,31 €;312,84 €;540,00 €;716,62 €;716,62 €;636,90 €;557,18 €;636,90 €;495,00 €;557,18 €;557,18 €;424,31 €;480,03 €;480,03 €;557,18 €;260,10 €;211,69 €;540,00 €;557,18 €;612,00 €;531,00 €;630,00 €;855,00 €;598,50 €;588,00 €;480,00 €;432,00 €;765,00 €;765,00 €;738,00 €;760,00 €;760,00 €;900,00 €;900,00 €;639,70 €;900,00 €;1.147,80 €;1.147,80 €;1.182,80 €;1.110,94 €;1.037,22 €;1.037,22 €;1.000,36 €;1.147,80 €;1.323,30 €;1.252,09 €;1.358,90 €;1.358,90 €;1.501,32 €;1.501,32 €;1.323,30 €;1.323,30 €;1.323,30 €;1.358,90 €;1.394,51 €;1.216,49 €;1.074,08 €;1.037,22 €;1.184,66 €;1.252,09 €;1.430,12 €;1.074,08 €;963,50 €;889,78 €;852,07 €;852,07 €;315,00 €;274,55;332,35;267,325;303,45;260,1;495,00 €;195,00 €;195,00 €;195,00 €;195,00 €;195,00 €;195,00 €;195,00 €;195,00 €;;;;;;;;;;;;;;;;;;;;;;;;;;;;;;;;;;;;;;;;
Böckmann;Freight;v3;12001;13000;SHP;1.074,08 €;1.184,66 €;1.074,08 €;889,78 €;835,77 €;963,50 €;1.074,08 €;1.000,36 €;852,07 €;852,07 €;852,07 €;844,34 €;926,64 €;963,50 €;1.000,36 €;852,07 €;716,62 €;557,18 €;557,18 €;557,18 €;636,90 €;756,06 €;676,34 €;297,50 €;374,00 €;301,75 €;600,04 €;366,88 €;480,03 €;424,31 €;368,05 €;540,00 €;716,62 €;716,62 €;636,90 €;557,18 €;636,90 €;495,00 €;557,18 €;557,18 €;424,31 €;480,03 €;480,03 €;557,18 €;306,00 €;249,05 €;540,00 €;557,18 €;612,00 €;531,00 €;630,00 €;855,00 €;598,50 €;588,00 €;480,00 €;432,00 €;765,00 €;765,00 €;738,00 €;760,00 €;760,00 €;900,00 €;900,00 €;710,78 €;900,00 €;1.147,80 €;1.147,80 €;1.182,80 €;1.110,94 €;1.037,22 €;1.037,22 €;1.000,36 €;1.147,80 €;1.323,30 €;1.252,09 €;1.358,90 €;1.358,90 €;1.501,32 €;1.501,32 €;1.323,30 €;1.323,30 €;1.323,30 €;1.358,90 €;1.394,51 €;1.216,49 €;1.074,08 €;1.037,22 €;1.184,66 €;1.252,09 €;1.430,12 €;1.074,08 €;963,50 €;889,78 €;852,07 €;852,07 €;315,00 €;323;391;314,5;357;306;495,00 €;195,00 €;195,00 €;195,00 €;195,00 €;195,00 €;195,00 €;195,00 €;195,00 €;;;;;;;;;;;;;;;;;;;;;;;;;;;;;;;;;;;;;;;;
Böckmann;Freight;v3;13001;14000;SHP;1.074,08 €;1.184,66 €;1.074,08 €;889,78 €;835,77 €;963,50 €;1.074,08 €;1.000,36 €;852,07 €;852,07 €;852,07 €;844,34 €;926,64 €;963,50 €;1.000,36 €;852,07 €;716,62 €;557,18 €;557,18 €;557,18 €;636,90 €;756,06 €;676,34 €;297,50 €;374,00 €;301,75 €;600,04 €;366,88 €;480,03 €;424,31 €;368,05 €;540,00 €;716,62 €;716,62 €;636,90 €;557,18 €;636,90 €;495,00 €;557,18 €;557,18 €;424,31 €;480,03 €;480,03 €;557,18 €;306,00 €;249,05 €;540,00 €;557,18 €;612,00 €;531,00 €;630,00 €;855,00 €;598,50 €;588,00 €;480,00 €;432,00 €;765,00 €;765,00 €;738,00 €;760,00 €;760,00 €;900,00 €;900,00 €;789,75 €;900,00 €;1.147,80 €;1.147,80 €;1.182,80 €;1.110,94 €;1.037,22 €;1.037,22 €;1.000,36 €;1.147,80 €;1.323,30 €;1.252,09 €;1.358,90 €;1.358,90 €;1.501,32 €;1.501,32 €;1.323,30 €;1.323,30 €;1.323,30 €;1.358,90 €;1.394,51 €;1.216,49 €;1.074,08 €;1.037,22 €;1.184,66 €;1.252,09 €;1.430,12 €;1.074,08 €;963,50 €;889,78 €;852,07 €;852,07 €;315,00 €;323;391;314,5;357;306;495,00 €;195,00 €;195,00 €;195,00 €;195,00 €;195,00 €;195,00 €;195,00 €;195,00 €;;;;;;;;;;;;;;;;;;;;;;;;;;;;;;;;;;;;;;;;
Böckmann;Freight;v3;14001;15000;SHP;1.074,08 €;1.184,66 €;1.074,08 €;889,78 €;835,77 €;963,50 €;1.074,08 €;1.000,36 €;852,07 €;852,07 €;852,07 €;844,34 €;926,64 €;963,50 €;1.000,36 €;852,07 €;716,62 €;557,18 €;557,18 €;557,18 €;636,90 €;756,06 €;676,34 €;297,50 €;374,00 €;301,75 €;600,04 €;366,88 €;480,03 €;424,31 €;368,05 €;540,00 €;716,62 €;716,62 €;636,90 €;557,18 €;636,90 €;495,00 €;557,18 €;557,18 €;424,31 €;480,03 €;480,03 €;557,18 €;306,00 €;249,05 €;540,00 €;557,18 €;612,00 €;531,00 €;630,00 €;855,00 €;598,50 €;588,00 €;480,00 €;432,00 €;765,00 €;765,00 €;738,00 €;760,00 €;760,00 €;900,00 €;900,00 €;877,50 €;900,00 €;1.147,80 €;1.147,80 €;1.182,80 €;1.110,94 €;1.037,22 €;1.037,22 €;1.000,36 €;1.147,80 €;1.323,30 €;1.252,09 €;1.358,90 €;1.358,90 €;1.501,32 €;1.501,32 €;1.323,30 €;1.323,30 €;1.323,30 €;1.358,90 €;1.394,51 €;1.216,49 €;1.074,08 €;1.037,22 €;1.184,66 €;1.252,09 €;1.430,12 €;1.074,08 €;963,50 €;889,78 €;852,07 €;852,07 €;315,00 €;323;391;314,5;357;306;495,00 €;195,00 €;195,00 €;195,00 €;195,00 €;195,00 €;195,00 €;195,00 €;195,00 €;;;;;;;;;;;;;;;;;;;;;;;;;;;;;;;;;;;;;;;;
Böckmann;Freight;v3;15001;16000;SHP;1.248,93 €;1.377,51 €;1.248,93 €;1.034,63 €;971,84 €;1.120,35 €;1.248,93 €;1.163,21 €;990,77 €;990,77 €;990,77 €;981,80 €;1.077,49 €;1.120,35 €;1.163,21 €;990,77 €;833,28 €;647,89 €;647,89 €;647,89 €;740,59 €;879,13 €;786,43 €;297,50 €;374,00 €;301,75 €;697,73 €;426,61 €;558,18 €;493,40 €;368,05 €;600,00 €;780,00 €;833,30 €;740,59 €;647,89 €;740,59 €;495,00 €;625,00 €;625,00 €;493,40 €;558,18 €;558,18 €;647,89 €;306,00 €;249,05 €;600,00 €;647,89 €;680,00 €;590,00 €;700,00 €;950,00 €;665,00 €;700,00 €;550,00 €;480,00 €;850,00 €;850,00 €;820,00 €;847,00 €;847,00 €;1.000,00 €;1.000,00 €;975,00 €;1.000,00 €;1.334,65 €;1.334,65 €;1.377,51 €;1.291,79 €;1.206,07 €;1.206,07 €;1.163,21 €;1.334,65 €;1.549,31 €;1.463,49 €;1.592,23 €;1.592,23 €;1.763,89 €;1.763,89 €;1.549,31 €;1.549,31 €;1.549,31 €;1.592,23 €;1.635,14 €;1.420,57 €;1.248,93 €;1.206,07 €;1.377,51 €;1.463,49 €;1.678,06 €;1.248,93 €;1.120,35 €;1.034,63 €;990,77 €;990,77 €;315,00 €;323;391;314,5;357;306;495,00 €;195,00 €;195,00 €;195,00 €;195,00 €;195,00 €;195,00 €;195,00 €;195,00 €;;;;;;;;;;;;;;;;;;;;;;;;;;;;;;;;;;;;;;;;
Böckmann;Freight;v3;16001;17000;SHP;1.248,93 €;1.377,51 €;1.248,93 €;1.034,63 €;971,84 €;1.120,35 €;1.248,93 €;1.163,21 €;990,77 €;990,77 €;990,77 €;981,80 €;1.077,49 €;1.120,35 €;1.163,21 €;990,77 €;833,28 €;647,89 €;647,89 €;647,89 €;740,59 €;879,13 €;786,43 €;297,50 €;374,00 €;301,75 €;697,73 €;426,61 €;558,18 €;493,40 €;368,05 €;600,00 €;780,00 €;833,30 €;740,59 €;647,89 €;740,59 €;495,00 €;625,00 €;625,00 €;493,40 €;558,18 €;558,18 €;647,89 €;306,00 €;249,05 €;600,00 €;647,89 €;680,00 €;590,00 €;700,00 €;950,00 €;665,00 €;700,00 €;550,00 €;480,00 €;850,00 €;850,00 €;820,00 €;847,00 €;847,00 €;1.000,00 €;1.000,00 €;975,00 €;1.000,00 €;1.334,65 €;1.334,65 €;1.377,51 €;1.291,79 €;1.206,07 €;1.206,07 €;1.163,21 €;1.334,65 €;1.549,31 €;1.463,49 €;1.592,23 €;1.592,23 €;1.763,89 €;1.763,89 €;1.549,31 €;1.549,31 €;1.549,31 €;1.592,23 €;1.635,14 €;1.420,57 €;1.248,93 €;1.206,07 €;1.377,51 €;1.463,49 €;1.678,06 €;1.248,93 €;1.120,35 €;1.034,63 €;990,77 €;990,77 €;315,00 €;323;391;314,5;357;306;495,00 €;195,00 €;195,00 €;195,00 €;195,00 €;195,00 €;195,00 €;195,00 €;195,00 €;;;;;;;;;;;;;;;;;;;;;;;;;;;;;;;;;;;;;;;;
Böckmann;Freight;v3;17001;18000;SHP;1.248,93 €;1.377,51 €;1.248,93 €;1.034,63 €;971,84 €;1.120,35 €;1.248,93 €;1.163,21 €;990,77 €;990,77 €;990,77 €;981,80 €;1.077,49 €;1.120,35 €;1.163,21 €;990,77 €;833,28 €;647,89 €;647,89 €;647,89 €;740,59 €;879,13 €;786,43 €;297,50 €;374,00 €;301,75 €;697,73 €;426,61 €;558,18 €;493,40 €;368,05 €;600,00 €;780,00 €;833,30 €;740,59 €;647,89 €;740,59 €;495,00 €;625,00 €;625,00 €;493,40 €;558,18 €;558,18 €;647,89 €;306,00 €;249,05 €;600,00 €;647,89 €;680,00 €;590,00 €;700,00 €;950,00 €;665,00 €;700,00 €;550,00 €;480,00 €;850,00 €;850,00 €;820,00 €;847,00 €;847,00 €;1.000,00 €;1.000,00 €;975,00 €;1.000,00 €;1.334,65 €;1.334,65 €;1.377,51 €;1.291,79 €;1.206,07 €;1.206,07 €;1.163,21 €;1.334,65 €;1.549,31 €;1.463,49 €;1.592,23 €;1.592,23 €;1.763,89 €;1.763,89 €;1.549,31 €;1.549,31 €;1.549,31 €;1.592,23 €;1.635,14 €;1.420,57 €;1.248,93 €;1.206,07 €;1.377,51 €;1.463,49 €;1.678,06 €;1.248,93 €;1.120,35 €;1.034,63 €;990,77 €;990,77 €;315,00 €;323;391;314,5;357;306;495,00 €;195,00 €;195,00 €;195,00 €;195,00 €;195,00 €;195,00 €;195,00 €;195,00 €;;;;;;;;;;;;;;;;;;;;;;;;;;;;;;;;;;;;;;;;
Böckmann;Freight;v3;18001;19000;SHP;1.248,93 €;1.377,51 €;1.248,93 €;1.034,63 €;971,84 €;1.120,35 €;1.248,93 €;1.163,21 €;990,77 €;990,77 €;990,77 €;981,80 €;1.077,49 €;1.120,35 €;1.163,21 €;990,77 €;833,28 €;647,89 €;647,89 €;647,89 €;740,59 €;879,13 €;786,43 €;297,50 €;374,00 €;301,75 €;697,73 €;426,61 €;558,18 €;493,40 €;368,05 €;600,00 €;780,00 €;833,30 €;740,59 €;647,89 €;740,59 €;495,00 €;625,00 €;625,00 €;493,40 €;558,18 €;558,18 €;647,89 €;306,00 €;249,05 €;600,00 €;647,89 €;680,00 €;590,00 €;700,00 €;950,00 €;665,00 €;700,00 €;550,00 €;480,00 €;850,00 €;850,00 €;820,00 €;847,00 €;847,00 €;1.000,00 €;1.000,00 €;975,00 €;1.000,00 €;1.334,65 €;1.334,65 €;1.377,51 €;1.291,79 €;1.206,07 €;1.206,07 €;1.163,21 €;1.334,65 €;1.549,31 €;1.463,49 €;1.592,23 €;1.592,23 €;1.763,89 €;1.763,89 €;1.549,31 €;1.549,31 €;1.549,31 €;1.592,23 €;1.635,14 €;1.420,57 €;1.248,93 €;1.206,07 €;1.377,51 €;1.463,49 €;1.678,06 €;1.248,93 €;1.120,35 €;1.034,63 €;990,77 €;990,77 €;315,00 €;323;391;314,5;357;306;495,00 €;195,00 €;195,00 €;195,00 €;195,00 €;195,00 €;195,00 €;195,00 €;195,00 €;;;;;;;;;;;;;;;;;;;;;;;;;;;;;;;;;;;;;;;;
Böckmann;Freight;v3;19001;20000;SHP;1.248,93 €;1.377,51 €;1.248,93 €;1.034,63 €;971,84 €;1.120,35 €;1.248,93 €;1.163,21 €;990,77 €;990,77 €;990,77 €;981,80 €;1.077,49 €;1.120,35 €;1.163,21 €;990,77 €;833,28 €;647,89 €;647,89 €;647,89 €;740,59 €;879,13 €;786,43 €;350,00 €;440,00 €;355,00 €;697,73 €;426,61 €;558,18 €;493,40 €;433,00 €;600,00 €;780,00 €;833,30 €;740,59 €;647,89 €;740,59 €;495,00 €;625,00 €;625,00 €;493,40 €;558,18 €;558,18 €;647,89 €;360,00 €;293,00 €;600,00 €;647,89 €;680,00 €;590,00 €;700,00 €;950,00 €;665,00 €;700,00 €;550,00 €;480,00 €;850,00 €;850,00 €;820,00 €;847,00 €;847,00 €;1.000,00 €;1.000,00 €;975,00 €;1.000,00 €;1.334,65 €;1.334,65 €;1.377,51 €;1.291,79 €;1.206,07 €;1.206,07 €;1.163,21 €;1.334,65 €;1.549,31 €;1.463,49 €;1.592,23 €;1.592,23 €;1.763,89 €;1.763,89 €;1.549,31 €;1.549,31 €;1.549,31 €;1.592,23 €;1.635,14 €;1.420,57 €;1.248,93 €;1.206,07 €;1.377,51 €;1.463,49 €;1.678,06 €;1.248,93 €;1.120,35 €;1.034,63 €;990,77 €;990,77 €;315,00 €;380;460;370;420;360;495,00 €;195,00 €;195,00 €;195,00 €;195,00 €;195,00 €;195,00 €;195,00 €;195,00 €;;;;;;;;;;;;;;;;;;;;;;;;;;;;;;;;;;;;;;;;
Böckmann;Freight;v3;20001;21000;SHP;1.248,93 €;1.377,51 €;1.248,93 €;1.034,63 €;971,84 €;1.120,35 €;1.248,93 €;1.163,21 €;990,77 €;990,77 €;990,77 €;981,80 €;1.077,49 €;1.120,35 €;1.163,21 €;990,77 €;833,28 €;647,89 €;647,89 €;647,89 €;740,59 €;879,13 €;786,43 €;350,00 €;440,00 €;355,00 €;697,73 €;426,61 €;558,18 €;493,40 €;433,00 €;600,00 €;780,00 €;833,30 €;740,59 €;647,89 €;740,59 €;495,00 €;625,00 €;625,00 €;493,40 €;558,18 €;558,18 €;647,89 €;360,00 €;293,00 €;600,00 €;647,89 €;680,00 €;590,00 €;700,00 €;950,00 €;665,00 €;700,00 €;550,00 €;480,00 €;850,00 €;850,00 €;820,00 €;847,00 €;847,00 €;1.000,00 €;1.000,00 €;975,00 €;1.000,00 €;1.334,65 €;1.334,65 €;1.377,51 €;1.291,79 €;1.206,07 €;1.206,07 €;1.163,21 €;1.334,65 €;1.549,31 €;1.463,49 €;1.592,23 €;1.592,23 €;1.763,89 €;1.763,89 €;1.549,31 €;1.549,31 €;1.549,31 €;1.592,23 €;1.635,14 €;1.420,57 €;1.248,93 €;1.206,07 €;1.377,51 €;1.463,49 €;1.678,06 €;1.248,93 €;1.120,35 €;1.034,63 €;990,77 €;990,77 €;315,00 €;380;460;370;420;360;495,00 €;195,00 €;195,00 €;195,00 €;195,00 €;195,00 €;195,00 €;195,00 €;195,00 €;;;;;;;;;;;;;;;;;;;;;;;;;;;;;;;;;;;;;;;;
Böckmann;Freight;v3;21001;22000;SHP;1.248,93 €;1.377,51 €;1.248,93 €;1.034,63 €;971,84 €;1.120,35 €;1.248,93 €;1.163,21 €;990,77 €;990,77 €;990,77 €;981,80 €;1.077,49 €;1.120,35 €;1.163,21 €;990,77 €;833,28 €;647,89 €;647,89 €;647,89 €;740,59 €;879,13 €;786,43 €;350,00 €;440,00 €;355,00 €;697,73 €;426,61 €;558,18 €;493,40 €;433,00 €;600,00 €;780,00 €;833,30 €;740,59 €;647,89 €;740,59 €;495,00 €;625,00 €;625,00 €;493,40 €;558,18 €;558,18 €;647,89 €;360,00 €;293,00 €;600,00 €;647,89 €;680,00 €;590,00 €;700,00 €;950,00 €;665,00 €;700,00 €;550,00 €;480,00 €;850,00 €;850,00 €;820,00 €;847,00 €;847,00 €;1.000,00 €;1.000,00 €;975,00 €;1.000,00 €;1.334,65 €;1.334,65 €;1.377,51 €;1.291,79 €;1.206,07 €;1.206,07 €;1.163,21 €;1.334,65 €;1.549,31 €;1.463,49 €;1.592,23 €;1.592,23 €;1.763,89 €;1.763,89 €;1.549,31 €;1.549,31 €;1.549,31 €;1.592,23 €;1.635,14 €;1.420,57 €;1.248,93 €;1.206,07 €;1.377,51 €;1.463,49 €;1.678,06 €;1.248,93 €;1.120,35 €;1.034,63 €;990,77 €;990,77 €;315,00 €;380;460;370;420;360;495,00 €;195,00 €;195,00 €;195,00 €;195,00 €;195,00 €;195,00 €;195,00 €;195,00 €;;;;;;;;;;;;;;;;;;;;;;;;;;;;;;;;;;;;;;;;
Böckmann;Freight;v3;22001;23000;SHP;1.248,93 €;1.377,51 €;1.248,93 €;1.034,63 €;971,84 €;1.120,35 €;1.248,93 €;1.163,21 €;990,77 €;990,77 €;990,77 €;981,80 €;1.077,49 €;1.120,35 €;1.163,21 €;990,77 €;833,28 €;647,89 €;647,89 €;647,89 €;740,59 €;879,13 €;786,43 €;350,00 €;440,00 €;355,00 €;697,73 €;426,61 €;558,18 €;493,40 €;433,00 €;600,00 €;780,00 €;833,30 €;740,59 €;647,89 €;740,59 €;495,00 €;625,00 €;625,00 €;493,40 €;558,18 €;558,18 €;647,89 €;360,00 €;293,00 €;600,00 €;647,89 €;680,00 €;590,00 €;700,00 €;950,00 €;665,00 €;700,00 €;550,00 €;480,00 €;850,00 €;850,00 €;820,00 €;847,00 €;847,00 €;1.000,00 €;1.000,00 €;975,00 €;1.000,00 €;1.334,65 €;1.334,65 €;1.377,51 €;1.291,79 €;1.206,07 €;1.206,07 €;1.163,21 €;1.334,65 €;1.549,31 €;1.463,49 €;1.592,23 €;1.592,23 €;1.763,89 €;1.763,89 €;1.549,31 €;1.549,31 €;1.549,31 €;1.592,23 €;1.635,14 €;1.420,57 €;1.248,93 €;1.206,07 €;1.377,51 €;1.463,49 €;1.678,06 €;1.248,93 €;1.120,35 €;1.034,63 €;990,77 €;990,77 €;315,00 €;380;460;370;420;360;495,00 €;195,00 €;195,00 €;195,00 €;195,00 €;195,00 €;195,00 €;195,00 €;195,00 €;;;;;;;;;;;;;;;;;;;;;;;;;;;;;;;;;;;;;;;;
Böckmann;Freight;v3;23001;25000;SHP;1.248,93 €;1.377,51 €;1.248,93 €;1.034,63 €;971,84 €;1.120,35 €;1.248,93 €;1.163,21 €;990,77 €;990,77 €;990,77 €;981,80 €;1.077,49 €;1.120,35 €;1.163,21 €;990,77 €;833,28 €;647,89 €;647,89 €;647,89 €;740,59 €;879,13 €;786,43 €;350,00 €;440,00 €;355,00 €;697,73 €;426,61 €;558,18 €;493,40 €;433,00 €;600,00 €;780,00 €;833,30 €;740,59 €;647,89 €;740,59 €;495,00 €;625,00 €;625,00 €;493,40 €;558,18 €;558,18 €;647,89 €;360,00 €;293,00 €;600,00 €;647,89 €;680,00 €;590,00 €;700,00 €;950,00 €;665,00 €;700,00 €;550,00 €;480,00 €;850,00 €;850,00 €;820,00 €;847,00 €;847,00 €;1.000,00 €;1.000,00 €;975,00 €;1.000,00 €;1.334,65 €;1.334,65 €;1.377,51 €;1.291,79 €;1.206,07 €;1.206,07 €;1.163,21 €;1.334,65 €;1.549,31 €;1.463,49 €;1.592,23 €;1.592,23 €;1.763,89 €;1.763,89 €;1.549,31 €;1.549,31 €;1.549,31 €;1.592,23 €;1.635,14 €;1.420,57 €;1.248,93 €;1.206,07 €;1.377,51 €;1.463,49 €;1.678,06 €;1.248,93 €;1.120,35 €;1.034,63 €;990,77 €;990,77 €;315,00 €;380;460;370;420;360;495,00 €;195,00 €;195,00 €;195,00 €;195,00 €;195,00 €;195,00 €;195,00 €;195,00 €;;;;;;;;;;;;;;;;;;;;;;;;;;;;;;;;;;;;;;;;
;;;;;;;;;;;;;;;;;;;;;;;;;;;;;;;;;;;;;;;;;;;;;;;;;;;;;;;;;;;;;;;;;;;;;;;;;;;;;;;;;;;;;;;;;;;;;;;;;;;;;;;;;;;;;;;;;;;;;;;;;;;;;;;;;;;;;;;;;;;;;;;;;;;;;;;;;;;
Böckmann;bau;v3;1;4000;SHP;339,15 €;356,06 €;351,83 €;313,80 €;274,70 €;289,50 €;285,27 €;275,76 €;428,96 €;433,19 €;432,13 €;435,30 €;399,38 €;475,45 €;441,64 €;420,51 €;363,46 €;314,85 €;323,31 €;315,91 €;322,25 €;391,98 €;372,96 €;314,35 €;297,85 €;239,82 €;325,42 €;316,97 €;289,50 €;291,72 €;297,85 €;262,66 €;271,96 €;247,23 €;247,23 €;262,03 €;275,76 €;345,18 €;296,36 €;292,88 €;347,50 €;342,85 €;348,66 €;334,72 €;245,65 €;197,75 €;347,50 €;292,88 €;348,66 €;307,99 €;359,12 €;342,85 €;297,53 €;289,39 €;292,88 €;306,82 €;271,96 €;271,96 €;280,09 €;271,96 €;271,96 €;347,50 €;347,50 €;324,26 €;292,88 €;314,85 €;316,97 €;328,59 €;323,31 €;294,78 €;314,85 €;314,85 €;316,97 €;338,10 €;357,12 €;439,53 €;438,47 €;468,05 €;364,51 €;402,55 €;433,19 €;377,19 €;396,21 €;340,21 €;326,48 €;388,81 €;380,36 €;383,53 €;407,83 €;424,74 €;316,97 €;284,21 €;267,31 €;299,01 €;313,80 €;315,00 €;273,285625;313,20375;257,9325;285,568125;242,579375;495,00 €;195,00 €;195,00 €;195,00 €;195,00 €;195,00 €;195,00 €;195,00 €;195,00 €;;;;;;;;;;;;;;;;;;;;;;;;;;;;;;;;;;;;;;;;
Böckmann;bau;v3;4001;5000;SHP;339,15 €;356,06 €;351,83 €;313,80 €;274,70 €;289,50 €;285,27 €;275,76 €;428,96 €;433,19 €;432,13 €;435,30 €;399,38 €;475,45 €;441,64 €;420,51 €;363,46 €;314,85 €;323,31 €;315,91 €;322,25 €;391,98 €;372,96 €;314,35 €;297,85 €;239,82 €;325,42 €;316,97 €;289,50 €;291,72 €;297,85 €;262,66 €;271,96 €;247,23 €;247,23 €;262,03 €;275,76 €;345,18 €;296,36 €;292,88 €;347,50 €;342,85 €;348,66 €;334,72 €;245,65 €;197,75 €;347,50 €;292,88 €;348,66 €;307,99 €;359,12 €;342,85 €;297,53 €;289,39 €;292,88 €;306,82 €;271,96 €;271,96 €;280,09 €;271,96 €;271,96 €;347,50 €;347,50 €;324,26 €;292,88 €;314,85 €;316,97 €;328,59 €;323,31 €;294,78 €;314,85 €;314,85 €;316,97 €;338,10 €;357,12 €;439,53 €;438,47 €;468,05 €;364,51 €;402,55 €;433,19 €;377,19 €;396,21 €;340,21 €;326,48 €;388,81 €;380,36 €;383,53 €;407,83 €;424,74 €;316,97 €;284,21 €;267,31 €;299,01 €;313,80 €;315,00 €;273,285625;313,20375;257,9325;285,568125;242,579375;495,00 €;195,00 €;195,00 €;195,00 €;195,00 €;195,00 €;195,00 €;195,00 €;195,00 €;;;;;;;;;;;;;;;;;;;;;;;;;;;;;;;;;;;;;;;;
Böckmann;bau;v3;5001;6000;SHP;339,15 €;356,06 €;351,83 €;313,80 €;274,70 €;289,50 €;285,27 €;275,76 €;428,96 €;433,19 €;432,13 €;435,30 €;399,38 €;475,45 €;441,64 €;420,51 €;363,46 €;314,85 €;323,31 €;315,91 €;322,25 €;391,98 €;372,96 €;314,35 €;297,85 €;239,82 €;325,42 €;316,97 €;289,50 €;291,72 €;297,85 €;262,66 €;271,96 €;247,23 €;247,23 €;262,03 €;275,76 €;345,18 €;296,36 €;292,88 €;347,50 €;342,85 €;348,66 €;334,72 €;245,65 €;197,75 €;347,50 €;292,88 €;348,66 €;307,99 €;359,12 €;342,85 €;297,53 €;289,39 €;292,88 €;306,82 €;271,96 €;271,96 €;280,09 €;271,96 €;271,96 €;347,50 €;347,50 €;324,26 €;292,88 €;314,85 €;316,97 €;328,59 €;323,31 €;294,78 €;314,85 €;314,85 €;316,97 €;338,10 €;357,12 €;439,53 €;438,47 €;468,05 €;364,51 €;402,55 €;433,19 €;377,19 €;396,21 €;340,21 €;326,48 €;388,81 €;380,36 €;383,53 €;407,83 €;424,74 €;316,97 €;284,21 €;267,31 €;299,01 €;313,80 €;315,00 €;273,285625;313,20375;257,9325;285,568125;242,579375;495,00 €;195,00 €;195,00 €;195,00 €;195,00 €;195,00 €;195,00 €;195,00 €;195,00 €;;;;;;;;;;;;;;;;;;;;;;;;;;;;;;;;;;;;;;;;
Böckmann;bau;v3;6001;7000;SHP;911,48 €;1.008,66 €;911,48 €;749,58 €;685,08 €;846,77 €;911,48 €;879,01 €;749,58 €;749,58 €;749,58 €;717,33 €;814,52 €;846,77 €;879,01 €;749,58 €;587,90 €;458,05 €;458,05 €;458,05 €;523,19 €;620,15 €;555,65 €;314,35 €;350,41 €;282,14 €;492,98 €;325,68 €;395,56 €;363,04 €;350,41 €;514,03 €;613,51 €;587,90 €;555,65 €;492,98 €;523,19 €;477,31 €;477,31 €;477,31 €;363,04 €;411,11 €;411,11 €;477,31 €;289,00 €;232,65 €;462,00 €;477,31 €;528,00 €;486,75 €;623,70 €;761,87 €;592,52 €;537,33 €;440,31 €;407,00 €;660,00 €;660,00 €;693,00 €;671,00 €;671,00 €;856,59 €;856,59 €;759,00 €;793,58 €;1.008,66 €;1.008,66 €;1.040,91 €;976,41 €;911,48 €;911,48 €;879,01 €;1.008,66 €;1.170,52 €;1.105,77 €;1.202,90 €;1.202,90 €;1.332,40 €;1.332,40 €;1.170,52 €;1.170,52 €;1.170,52 €;1.202,90 €;1.235,27 €;1.073,36 €;943,94 €;911,48 €;1.040,91 €;1.105,77 €;1.267,65 €;943,94 €;846,77 €;782,05 €;749,58 €;749,58 €;315,00 €;321,5125;368,475;303,45;335,9625;285,3875;495,00 €;195,00 €;195,00 €;195,00 €;195,00 €;195,00 €;195,00 €;195,00 €;195,00 €;;;;;;;;;;;;;;;;;;;;;;;;;;;;;;;;;;;;;;;;
Böckmann;bau;v3;7001;8000;SHP;911,48 €;1.008,66 €;911,48 €;749,58 €;685,08 €;846,77 €;911,48 €;879,01 €;749,58 €;749,58 €;749,58 €;717,33 €;814,52 €;846,77 €;879,01 €;749,58 €;587,90 €;458,05 €;458,05 €;458,05 €;523,19 €;620,15 €;555,65 €;314,35 €;350,41 €;282,14 €;492,98 €;325,68 €;395,56 €;363,04 €;350,41 €;514,03 €;613,51 €;587,90 €;555,65 €;492,98 €;523,19 €;477,31 €;477,31 €;477,31 €;363,04 €;411,11 €;411,11 €;477,31 €;289,00 €;232,65 €;462,00 €;477,31 €;528,00 €;486,75 €;623,70 €;761,87 €;592,52 €;537,33 €;440,31 €;407,00 €;660,00 €;660,00 €;693,00 €;671,00 €;671,00 €;856,59 €;856,59 €;759,00 €;793,58 €;1.008,66 €;1.008,66 €;1.040,91 €;976,41 €;911,48 €;911,48 €;879,01 €;1.008,66 €;1.170,52 €;1.105,77 €;1.202,90 €;1.202,90 €;1.332,40 €;1.332,40 €;1.170,52 €;1.170,52 €;1.170,52 €;1.202,90 €;1.235,27 €;1.073,36 €;943,94 €;911,48 €;1.040,91 €;1.105,77 €;1.267,65 €;943,94 €;846,77 €;782,05 €;749,58 €;749,58 €;315,00 €;321,5125;368,475;303,45;335,9625;285,3875;495,00 €;195,00 €;195,00 €;195,00 €;195,00 €;195,00 €;195,00 €;195,00 €;195,00 €;;;;;;;;;;;;;;;;;;;;;;;;;;;;;;;;;;;;;;;;
Böckmann;bau;v3;8001;9000;SHP;911,48 €;1.008,66 €;911,48 €;749,58 €;685,08 €;846,77 €;911,48 €;879,01 €;749,58 €;749,58 €;749,58 €;717,33 €;814,52 €;846,77 €;879,01 €;749,58 €;587,90 €;458,05 €;458,05 €;458,05 €;523,19 €;620,15 €;555,65 €;314,35 €;350,41 €;282,14 €;492,98 €;325,68 €;395,56 €;363,04 €;350,41 €;514,03 €;613,51 €;587,90 €;555,65 €;492,98 €;523,19 €;477,31 €;477,31 €;477,31 €;363,04 €;411,11 €;411,11 €;477,31 €;289,00 €;232,65 €;462,00 €;477,31 €;528,00 €;535,43 €;623,70 €;761,87 €;651,77 €;537,33 €;440,31 €;407,00 €;660,00 €;660,00 €;693,00 €;671,00 €;671,00 €;856,59 €;856,59 €;759,00 €;793,58 €;1.008,66 €;1.008,66 €;1.040,91 €;976,41 €;911,48 €;911,48 €;879,01 €;1.008,66 €;1.170,52 €;1.105,77 €;1.202,90 €;1.202,90 €;1.332,40 €;1.332,40 €;1.170,52 €;1.170,52 €;1.170,52 €;1.202,90 €;1.235,27 €;1.073,36 €;943,94 €;911,48 €;1.040,91 €;1.105,77 €;1.267,65 €;943,94 €;846,77 €;782,05 €;749,58 €;749,58 €;315,00 €;321,5125;368,475;303,45;335,9625;285,3875;495,00 €;195,00 €;195,00 €;195,00 €;195,00 €;195,00 €;195,00 €;195,00 €;195,00 €;;;;;;;;;;;;;;;;;;;;;;;;;;;;;;;;;;;;;;;;
Böckmann;bau;v3;9001;10000;SHP;1.156,48 €;1.280,18 €;1.156,48 €;951,45 €;869,27 €;1.074,29 €;1.156,48 €;1.115,81 €;951,45 €;951,45 €;951,45 €;910,78 €;1.033,63 €;1.074,29 €;1.115,81 €;951,45 €;746,41 €;581,21 €;581,21 €;581,21 €;664,23 €;787,08 €;705,75 €;366,30 €;350,41 €;282,14 €;626,10 €;413,45 €;502,41 €;466,74 €;350,41 €;594,00 €;788,29 €;746,41 €;705,75 €;626,10 €;664,23 €;544,50 €;612,90 €;612,90 €;466,74 €;528,04 €;528,04 €;612,90 €;289,00 €;232,65 €;594,00 €;612,90 €;673,20 €;584,10 €;693,00 €;940,50 €;658,35 €;646,80 €;528,00 €;475,20 €;841,50 €;841,50 €;811,80 €;836,00 €;836,00 €;990,00 €;990,00 €;1.009,74 €;990,00 €;1.280,18 €;1.280,18 €;1.320,84 €;1.239,51 €;1.156,48 €;1.156,48 €;1.115,81 €;1.280,18 €;1.485,21 €;1.403,02 €;1.526,73 €;1.526,73 €;1.691,09 €;1.691,09 €;1.485,21 €;1.485,21 €;1.485,21 €;1.526,73 €;1.567,39 €;1.362,36 €;1.198,00 €;1.156,48 €;1.320,84 €;1.403,02 €;1.608,91 €;1.198,00 €;1.074,29 €;992,96 €;951,45 €;951,45 €;315,00 €;321,5125;368,475;303,45;335,9625;285,3875;495,00 €;195,00 €;195,00 €;195,00 €;195,00 €;195,00 €;195,00 €;195,00 €;195,00 €;;;;;;;;;;;;;;;;;;;;;;;;;;;;;;;;;;;;;;;;
Böckmann;bau;v3;10001;11000;SHP;1.156,48 €;1.280,18 €;1.156,48 €;951,45 €;869,27 €;1.074,29 €;1.156,48 €;1.115,81 €;951,45 €;951,45 €;951,45 €;910,78 €;1.033,63 €;1.074,29 €;1.115,81 €;951,45 €;746,41 €;581,21 €;581,21 €;581,21 €;664,23 €;787,08 €;705,75 €;366,30 €;350,41 €;282,14 €;626,10 €;413,45 €;502,41 €;466,74 €;350,41 €;594,00 €;788,29 €;746,41 €;705,75 €;626,10 €;664,23 €;544,50 €;612,90 €;612,90 €;466,74 €;528,04 €;528,04 €;612,90 €;289,00 €;232,65 €;594,00 €;612,90 €;673,20 €;584,10 €;693,00 €;940,50 €;658,35 €;646,80 €;528,00 €;475,20 €;841,50 €;841,50 €;811,80 €;836,00 €;836,00 €;990,00 €;990,00 €;1.019,94 €;990,00 €;1.280,18 €;1.280,18 €;1.320,84 €;1.239,51 €;1.156,48 €;1.156,48 €;1.115,81 €;1.280,18 €;1.485,21 €;1.403,02 €;1.526,73 €;1.526,73 €;1.691,09 €;1.691,09 €;1.485,21 €;1.485,21 €;1.485,21 €;1.526,73 €;1.567,39 €;1.362,36 €;1.198,00 €;1.156,48 €;1.320,84 €;1.403,02 €;1.608,91 €;1.198,00 €;1.074,29 €;992,96 €;951,45 €;951,45 €;315,00 €;321,5125;368,475;303,45;335,9625;285,3875;495,00 €;195,00 €;195,00 €;195,00 €;195,00 €;195,00 €;195,00 €;195,00 €;195,00 €;;;;;;;;;;;;;;;;;;;;;;;;;;;;;;;;;;;;;;;;
Böckmann;bau;v3;11001;12000;SHP;1.156,48 €;1.280,18 €;1.156,48 €;951,45 €;869,27 €;1.074,29 €;1.156,48 €;1.115,81 €;951,45 €;951,45 €;951,45 €;910,78 €;1.033,63 €;1.074,29 €;1.115,81 €;951,45 €;746,41 €;581,21 €;581,21 €;581,21 €;664,23 €;787,08 €;705,75 €;366,30 €;350,41 €;282,14 €;626,10 €;413,45 €;502,41 €;466,74 €;350,41 €;594,00 €;788,29 €;746,41 €;705,75 €;626,10 €;664,23 €;544,50 €;612,90 €;612,90 €;466,74 €;528,04 €;528,04 €;612,90 €;289,00 €;232,65 €;594,00 €;612,90 €;673,20 €;584,10 €;693,00 €;940,50 €;658,35 €;646,80 €;528,00 €;475,20 €;841,50 €;841,50 €;811,80 €;836,00 €;836,00 €;990,00 €;990,00 €;1.030,24 €;990,00 €;1.280,18 €;1.280,18 €;1.320,84 €;1.239,51 €;1.156,48 €;1.156,48 €;1.115,81 €;1.280,18 €;1.485,21 €;1.403,02 €;1.526,73 €;1.526,73 €;1.691,09 €;1.691,09 €;1.485,21 €;1.485,21 €;1.485,21 €;1.526,73 €;1.567,39 €;1.362,36 €;1.198,00 €;1.156,48 €;1.320,84 €;1.403,02 €;1.608,91 €;1.198,00 €;1.074,29 €;992,96 €;951,45 €;951,45 €;315,00 €;321,5125;368,475;303,45;335,9625;285,3875;495,00 €;195,00 €;195,00 €;195,00 €;195,00 €;195,00 €;195,00 €;195,00 €;195,00 €;;;;;;;;;;;;;;;;;;;;;;;;;;;;;;;;;;;;;;;;
Böckmann;bau;v3;12001;13000;SHP;1.156,48 €;1.280,18 €;1.156,48 €;951,45 €;869,27 €;1.074,29 €;1.156,48 €;1.115,81 €;951,45 €;951,45 €;951,45 €;910,78 €;1.033,63 €;1.074,29 €;1.115,81 €;951,45 €;746,41 €;581,21 €;581,21 €;581,21 €;664,23 €;787,08 €;705,75 €;366,30 €;412,25 €;331,93 €;626,10 €;413,45 €;502,41 €;466,74 €;412,25 €;594,00 €;788,29 €;746,41 €;705,75 €;626,10 €;664,23 €;544,50 €;612,90 €;612,90 €;466,74 €;528,04 €;528,04 €;612,90 €;340,00 €;273,70 €;594,00 €;612,90 €;673,20 €;584,10 €;693,00 €;940,50 €;658,35 €;646,80 €;528,00 €;475,20 €;841,50 €;841,50 €;811,80 €;836,00 €;836,00 €;990,00 €;990,00 €;1.040,65 €;990,00 €;1.280,18 €;1.280,18 €;1.320,84 €;1.239,51 €;1.156,48 €;1.156,48 €;1.115,81 €;1.280,18 €;1.485,21 €;1.403,02 €;1.526,73 €;1.526,73 €;1.691,09 €;1.691,09 €;1.485,21 €;1.485,21 €;1.485,21 €;1.526,73 €;1.567,39 €;1.362,36 €;1.198,00 €;1.156,48 €;1.320,84 €;1.403,02 €;1.608,91 €;1.198,00 €;1.074,29 €;992,96 €;951,45 €;951,45 €;315,00 €;378,25;433,5;357;395,25;335,75;495,00 €;195,00 €;195,00 €;195,00 €;195,00 €;195,00 €;195,00 €;195,00 €;195,00 €;;;;;;;;;;;;;;;;;;;;;;;;;;;;;;;;;;;;;;;;
Böckmann;bau;v3;13001;14000;SHP;1.156,48 €;1.280,18 €;1.156,48 €;951,45 €;869,27 €;1.074,29 €;1.156,48 €;1.115,81 €;951,45 €;951,45 €;951,45 €;910,78 €;1.033,63 €;1.074,29 €;1.115,81 €;951,45 €;746,41 €;581,21 €;581,21 €;581,21 €;664,23 €;787,08 €;705,75 €;366,30 €;412,25 €;331,93 €;626,10 €;413,45 €;502,41 €;466,74 €;412,25 €;594,00 €;788,29 €;746,41 €;705,75 €;626,10 €;664,23 €;544,50 €;612,90 €;612,90 €;466,74 €;528,04 €;528,04 €;612,90 €;340,00 €;273,70 €;594,00 €;612,90 €;673,20 €;584,10 €;693,00 €;940,50 €;658,35 €;646,80 €;528,00 €;475,20 €;841,50 €;841,50 €;811,80 €;836,00 €;836,00 €;990,00 €;990,00 €;1.051,16 €;990,00 €;1.280,18 €;1.280,18 €;1.320,84 €;1.239,51 €;1.156,48 €;1.156,48 €;1.115,81 €;1.280,18 €;1.485,21 €;1.403,02 €;1.526,73 €;1.526,73 €;1.691,09 €;1.691,09 €;1.485,21 €;1.485,21 €;1.485,21 €;1.526,73 €;1.567,39 €;1.362,36 €;1.198,00 €;1.156,48 €;1.320,84 €;1.403,02 €;1.608,91 €;1.198,00 €;1.074,29 €;992,96 €;951,45 €;951,45 €;315,00 €;378,25;433,5;357;395,25;335,75;495,00 €;195,00 €;195,00 €;195,00 €;195,00 €;195,00 €;195,00 €;195,00 €;195,00 €;;;;;;;;;;;;;;;;;;;;;;;;;;;;;;;;;;;;;;;;
Böckmann;bau;v3;14001;15000;SHP;1.156,48 €;1.280,18 €;1.156,48 €;951,45 €;869,27 €;1.074,29 €;1.156,48 €;1.115,81 €;951,45 €;951,45 €;951,45 €;910,78 €;1.033,63 €;1.074,29 €;1.115,81 €;951,45 €;746,41 €;581,21 €;581,21 €;581,21 €;664,23 €;787,08 €;705,75 €;366,30 €;412,25 €;331,93 €;626,10 €;413,45 €;502,41 €;466,74 €;412,25 €;594,00 €;788,29 €;746,41 €;705,75 €;626,10 €;664,23 €;544,50 €;612,90 €;612,90 €;466,74 €;528,04 €;528,04 €;612,90 €;340,00 €;273,70 €;653,40 €;612,90 €;673,20 €;584,10 €;693,00 €;1.034,55 €;724,19 €;646,80 €;528,00 €;522,72 €;925,65 €;925,65 €;892,98 €;836,00 €;836,00 €;990,00 €;990,00 €;1.061,78 €;990,00 €;1.280,18 €;1.280,18 €;1.320,84 €;1.239,51 €;1.156,48 €;1.156,48 €;1.115,81 €;1.280,18 €;1.485,21 €;1.403,02 €;1.526,73 €;1.526,73 €;1.691,09 €;1.691,09 €;1.485,21 €;1.485,21 €;1.485,21 €;1.526,73 €;1.567,39 €;1.362,36 €;1.198,00 €;1.156,48 €;1.320,84 €;1.403,02 €;1.608,91 €;1.198,00 €;1.074,29 €;992,96 €;951,45 €;951,45 €;315,00 €;378,25;433,5;357;395,25;335,75;495,00 €;195,00 €;195,00 €;195,00 €;195,00 €;195,00 €;195,00 €;195,00 €;195,00 €;;;;;;;;;;;;;;;;;;;;;;;;;;;;;;;;;;;;;;;;
Böckmann;bau;v3;15001;16000;SHP;1.360,57 €;1.506,09 €;1.360,57 €;1.119,35 €;1.022,66 €;1.263,88 €;1.360,57 €;1.312,72 €;1.119,35 €;1.119,35 €;1.119,35 €;1.071,51 €;1.216,04 €;1.263,88 €;1.312,72 €;1.119,35 €;878,14 €;683,77 €;683,77 €;683,77 €;781,45 €;925,98 €;830,29 €;407,00 €;412,25 €;331,93 €;736,60 €;486,42 €;591,07 €;542,74 €;412,25 €;660,00 €;858,00 €;878,14 €;830,29 €;736,60 €;781,45 €;544,50 €;687,50 €;687,50 €;542,74 €;614,00 €;614,00 €;712,68 €;340,00 €;273,70 €;660,00 €;712,68 €;748,00 €;649,00 €;770,00 €;1.045,00 €;731,50 €;770,00 €;605,00 €;528,00 €;935,00 €;935,00 €;902,00 €;931,70 €;931,70 €;1.100,00 €;1.100,00 €;1.072,50 €;1.100,00 €;1.506,09 €;1.506,09 €;1.553,93 €;1.458,25 €;1.360,57 €;1.360,57 €;1.312,72 €;1.506,09 €;1.747,30 €;1.650,62 €;1.796,14 €;1.796,14 €;1.989,51 €;1.989,51 €;1.747,30 €;1.747,30 €;1.747,30 €;1.796,14 €;1.843,99 €;1.602,78 €;1.409,41 €;1.360,57 €;1.553,93 €;1.650,62 €;1.892,83 €;1.409,41 €;1.263,88 €;1.168,19 €;1.119,35 €;1.119,35 €;315,00 €;378,25;433,5;357;395,25;335,75;495,00 €;195,00 €;195,00 €;195,00 €;195,00 €;195,00 €;195,00 €;195,00 €;195,00 €;;;;;;;;;;;;;;;;;;;;;;;;;;;;;;;;;;;;;;;;
Böckmann;bau;v3;16001;17000;SHP;1.360,57 €;1.506,09 €;1.360,57 €;1.119,35 €;1.022,66 €;1.263,88 €;1.360,57 €;1.312,72 €;1.119,35 €;1.119,35 €;1.119,35 €;1.071,51 €;1.216,04 €;1.263,88 €;1.312,72 €;1.119,35 €;878,14 €;683,77 €;683,77 €;683,77 €;781,45 €;925,98 €;830,29 €;407,00 €;412,25 €;331,93 €;736,60 €;486,42 €;591,07 €;542,74 €;412,25 €;660,00 €;858,00 €;878,14 €;830,29 €;736,60 €;781,45 €;544,50 €;687,50 €;687,50 €;542,74 €;614,00 €;614,00 €;712,68 €;340,00 €;273,70 €;660,00 €;712,68 €;748,00 €;649,00 €;770,00 €;1.045,00 €;731,50 €;770,00 €;605,00 €;528,00 €;935,00 €;935,00 €;902,00 €;931,70 €;931,70 €;1.100,00 €;1.100,00 €;1.072,50 €;1.100,00 €;1.506,09 €;1.506,09 €;1.553,93 €;1.458,25 €;1.360,57 €;1.360,57 €;1.312,72 €;1.506,09 €;1.747,30 €;1.650,62 €;1.796,14 €;1.796,14 €;1.989,51 €;1.989,51 €;1.747,30 €;1.747,30 €;1.747,30 €;1.796,14 €;1.843,99 €;1.602,78 €;1.409,41 €;1.360,57 €;1.553,93 €;1.650,62 €;1.892,83 €;1.409,41 €;1.263,88 €;1.168,19 €;1.119,35 €;1.119,35 €;315,00 €;378,25;433,5;357;395,25;335,75;495,00 €;195,00 €;195,00 €;195,00 €;195,00 €;195,00 €;195,00 €;195,00 €;195,00 €;;;;;;;;;;;;;;;;;;;;;;;;;;;;;;;;;;;;;;;;
Böckmann;bau;v3;17001;18000;SHP;1.360,57 €;1.506,09 €;1.360,57 €;1.119,35 €;1.022,66 €;1.263,88 €;1.360,57 €;1.312,72 €;1.119,35 €;1.119,35 €;1.119,35 €;1.071,51 €;1.216,04 €;1.263,88 €;1.312,72 €;1.119,35 €;878,14 €;683,77 €;683,77 €;683,77 €;781,45 €;925,98 €;830,29 €;407,00 €;412,25 €;331,93 €;736,60 €;486,42 €;591,07 €;542,74 €;412,25 €;660,00 €;858,00 €;878,14 €;830,29 €;736,60 €;781,45 €;544,50 €;687,50 €;687,50 €;542,74 €;614,00 €;614,00 €;712,68 €;340,00 €;273,70 €;660,00 €;712,68 €;748,00 €;649,00 €;770,00 €;1.045,00 €;731,50 €;770,00 €;605,00 €;528,00 €;935,00 €;935,00 €;902,00 €;931,70 €;931,70 €;1.100,00 €;1.100,00 €;1.072,50 €;1.100,00 €;1.506,09 €;1.506,09 €;1.553,93 €;1.458,25 €;1.360,57 €;1.360,57 €;1.312,72 €;1.506,09 €;1.747,30 €;1.650,62 €;1.796,14 €;1.796,14 €;1.989,51 €;1.989,51 €;1.747,30 €;1.747,30 €;1.747,30 €;1.796,14 €;1.843,99 €;1.602,78 €;1.409,41 €;1.360,57 €;1.553,93 €;1.650,62 €;1.892,83 €;1.409,41 €;1.263,88 €;1.168,19 €;1.119,35 €;1.119,35 €;315,00 €;378,25;433,5;357;395,25;335,75;495,00 €;195,00 €;195,00 €;195,00 €;195,00 €;195,00 €;195,00 €;195,00 €;195,00 €;;;;;;;;;;;;;;;;;;;;;;;;;;;;;;;;;;;;;;;;
Böckmann;bau;v3;18001;19000;SHP;1.360,57 €;1.506,09 €;1.360,57 €;1.119,35 €;1.022,66 €;1.263,88 €;1.360,57 €;1.312,72 €;1.119,35 €;1.119,35 €;1.119,35 €;1.071,51 €;1.216,04 €;1.263,88 €;1.312,72 €;1.119,35 €;878,14 €;683,77 €;683,77 €;683,77 €;781,45 €;925,98 €;830,29 €;407,00 €;412,25 €;331,93 €;736,60 €;486,42 €;591,07 €;542,74 €;412,25 €;660,00 €;858,00 €;878,14 €;830,29 €;736,60 €;781,45 €;544,50 €;687,50 €;687,50 €;542,74 €;614,00 €;614,00 €;712,68 €;340,00 €;273,70 €;660,00 €;712,68 €;748,00 €;649,00 €;770,00 €;1.045,00 €;731,50 €;770,00 €;605,00 €;528,00 €;935,00 €;935,00 €;902,00 €;931,70 €;931,70 €;1.100,00 €;1.100,00 €;1.072,50 €;1.100,00 €;1.506,09 €;1.506,09 €;1.553,93 €;1.458,25 €;1.360,57 €;1.360,57 €;1.312,72 €;1.506,09 €;1.747,30 €;1.650,62 €;1.796,14 €;1.796,14 €;1.989,51 €;1.989,51 €;1.747,30 €;1.747,30 €;1.747,30 €;1.796,14 €;1.843,99 €;1.602,78 €;1.409,41 €;1.360,57 €;1.553,93 €;1.650,62 €;1.892,83 €;1.409,41 €;1.263,88 €;1.168,19 €;1.119,35 €;1.119,35 €;315,00 €;378,25;433,5;357;395,25;335,75;495,00 €;195,00 €;195,00 €;195,00 €;195,00 €;195,00 €;195,00 €;195,00 €;195,00 €;;;;;;;;;;;;;;;;;;;;;;;;;;;;;;;;;;;;;;;;
Böckmann;bau;v3;19001;20000;SHP;1.360,57 €;1.506,09 €;1.360,57 €;1.119,35 €;1.022,66 €;1.263,88 €;1.360,57 €;1.312,72 €;1.119,35 €;1.119,35 €;1.119,35 €;1.071,51 €;1.216,04 €;1.263,88 €;1.312,72 €;1.119,35 €;878,14 €;683,77 €;683,77 €;683,77 €;781,45 €;925,98 €;830,29 €;407,00 €;485,00 €;390,50 €;736,60 €;486,42 €;591,07 €;542,74 €;485,00 €;660,00 €;858,00 €;878,14 €;830,29 €;736,60 €;781,45 €;544,50 €;687,50 €;687,50 €;542,74 €;614,00 €;614,00 €;712,68 €;400,00 €;322,00 €;660,00 €;712,68 €;748,00 €;649,00 €;770,00 €;1.045,00 €;731,50 €;770,00 €;605,00 €;528,00 €;935,00 €;935,00 €;902,00 €;931,70 €;931,70 €;1.100,00 €;1.100,00 €;1.072,50 €;1.100,00 €;1.506,09 €;1.506,09 €;1.553,93 €;1.458,25 €;1.360,57 €;1.360,57 €;1.312,72 €;1.506,09 €;1.747,30 €;1.650,62 €;1.796,14 €;1.796,14 €;1.989,51 €;1.989,51 €;1.747,30 €;1.747,30 €;1.747,30 €;1.796,14 €;1.843,99 €;1.602,78 €;1.409,41 €;1.360,57 €;1.553,93 €;1.650,62 €;1.892,83 €;1.409,41 €;1.263,88 €;1.168,19 €;1.119,35 €;1.119,35 €;315,00 €;445;510;420;465;395;495,00 €;195,00 €;195,00 €;195,00 €;195,00 €;195,00 €;195,00 €;195,00 €;195,00 €;;;;;;;;;;;;;;;;;;;;;;;;;;;;;;;;;;;;;;;;
Böckmann;bau;v3;20001;21000;SHP;1.360,57 €;1.506,09 €;1.360,57 €;1.119,35 €;1.022,66 €;1.263,88 €;1.360,57 €;1.312,72 €;1.119,35 €;1.119,35 €;1.119,35 €;1.071,51 €;1.216,04 €;1.263,88 €;1.312,72 €;1.119,35 €;878,14 €;683,77 €;683,77 €;683,77 €;781,45 €;925,98 €;830,29 €;407,00 €;485,00 €;390,50 €;736,60 €;486,42 €;591,07 €;542,74 €;485,00 €;660,00 €;858,00 €;878,14 €;830,29 €;736,60 €;781,45 €;544,50 €;687,50 €;687,50 €;542,74 €;614,00 €;614,00 €;712,68 €;400,00 €;322,00 €;660,00 €;712,68 €;748,00 €;649,00 €;770,00 €;1.045,00 €;731,50 €;770,00 €;605,00 €;528,00 €;935,00 €;935,00 €;902,00 €;931,70 €;931,70 €;1.100,00 €;1.100,00 €;1.072,50 €;1.100,00 €;1.506,09 €;1.506,09 €;1.553,93 €;1.458,25 €;1.360,57 €;1.360,57 €;1.312,72 €;1.506,09 €;1.747,30 €;1.650,62 €;1.796,14 €;1.796,14 €;1.989,51 €;1.989,51 €;1.747,30 €;1.747,30 €;1.747,30 €;1.796,14 €;1.843,99 €;1.602,78 €;1.409,41 €;1.360,57 €;1.553,93 €;1.650,62 €;1.892,83 €;1.409,41 €;1.263,88 €;1.168,19 €;1.119,35 €;1.119,35 €;315,00 €;445;510;420;465;395;495,00 €;195,00 €;195,00 €;195,00 €;195,00 €;195,00 €;195,00 €;195,00 €;195,00 €;;;;;;;;;;;;;;;;;;;;;;;;;;;;;;;;;;;;;;;;
Böckmann;bau;v3;21001;22000;SHP;1.360,57 €;1.506,09 €;1.360,57 €;1.119,35 €;1.022,66 €;1.263,88 €;1.360,57 €;1.312,72 €;1.119,35 €;1.119,35 €;1.119,35 €;1.071,51 €;1.216,04 €;1.263,88 €;1.312,72 €;1.119,35 €;878,14 €;683,77 €;683,77 €;683,77 €;781,45 €;925,98 €;830,29 €;407,00 €;485,00 €;390,50 €;736,60 €;486,42 €;591,07 €;542,74 €;485,00 €;660,00 €;858,00 €;878,14 €;830,29 €;736,60 €;781,45 €;544,50 €;687,50 €;687,50 €;542,74 €;614,00 €;614,00 €;712,68 €;400,00 €;322,00 €;660,00 €;712,68 €;748,00 €;649,00 €;770,00 €;1.045,00 €;731,50 €;770,00 €;605,00 €;528,00 €;935,00 €;935,00 €;902,00 €;931,70 €;931,70 €;1.100,00 €;1.100,00 €;1.072,50 €;1.100,00 €;1.506,09 €;1.506,09 €;1.553,93 €;1.458,25 €;1.360,57 €;1.360,57 €;1.312,72 €;1.506,09 €;1.747,30 €;1.650,62 €;1.796,14 €;1.796,14 €;1.989,51 €;1.989,51 €;1.747,30 €;1.747,30 €;1.747,30 €;1.796,14 €;1.843,99 €;1.602,78 €;1.409,41 €;1.360,57 €;1.553,93 €;1.650,62 €;1.892,83 €;1.409,41 €;1.263,88 €;1.168,19 €;1.119,35 €;1.119,35 €;315,00 €;445;510;420;465;395;495,00 €;195,00 €;195,00 €;195,00 €;195,00 €;195,00 €;195,00 €;195,00 €;195,00 €;;;;;;;;;;;;;;;;;;;;;;;;;;;;;;;;;;;;;;;;
Böckmann;bau;v3;22001;23000;SHP;1.360,57 €;1.506,09 €;1.360,57 €;1.119,35 €;1.022,66 €;1.263,88 €;1.360,57 €;1.312,72 €;1.119,35 €;1.119,35 €;1.119,35 €;1.071,51 €;1.216,04 €;1.263,88 €;1.312,72 €;1.119,35 €;878,14 €;683,77 €;683,77 €;683,77 €;781,45 €;925,98 €;830,29 €;407,00 €;485,00 €;390,50 €;736,60 €;486,42 €;591,07 €;542,74 €;485,00 €;660,00 €;858,00 €;878,14 €;830,29 €;736,60 €;781,45 €;544,50 €;687,50 €;687,50 €;542,74 €;614,00 €;614,00 €;712,68 €;400,00 €;322,00 €;660,00 €;712,68 €;748,00 €;649,00 €;770,00 €;1.045,00 €;731,50 €;770,00 €;605,00 €;528,00 €;935,00 €;935,00 €;902,00 €;931,70 €;931,70 €;1.100,00 €;1.100,00 €;1.072,50 €;1.100,00 €;1.506,09 €;1.506,09 €;1.553,93 €;1.458,25 €;1.360,57 €;1.360,57 €;1.312,72 €;1.506,09 €;1.747,30 €;1.650,62 €;1.796,14 €;1.796,14 €;1.989,51 €;1.989,51 €;1.747,30 €;1.747,30 €;1.747,30 €;1.796,14 €;1.843,99 €;1.602,78 €;1.409,41 €;1.360,57 €;1.553,93 €;1.650,62 €;1.892,83 €;1.409,41 €;1.263,88 €;1.168,19 €;1.119,35 €;1.119,35 €;315,00 €;445;510;420;465;395;495,00 €;195,00 €;195,00 €;195,00 €;195,00 €;195,00 €;195,00 €;195,00 €;195,00 €;;;;;;;;;;;;;;;;;;;;;;;;;;;;;;;;;;;;;;;;
Böckmann;bau;v3;23001;25000;SHP;1.360,57 €;1.506,09 €;1.360,57 €;1.119,35 €;1.022,66 €;1.263,88 €;1.360,57 €;1.312,72 €;1.119,35 €;1.119,35 €;1.119,35 €;1.071,51 €;1.216,04 €;1.263,88 €;1.312,72 €;1.119,35 €;878,14 €;683,77 €;683,77 €;683,77 €;781,45 €;925,98 €;830,29 €;407,00 €;485,00 €;390,50 €;736,60 €;486,42 €;591,07 €;542,74 €;485,00 €;660,00 €;858,00 €;878,14 €;830,29 €;736,60 €;781,45 €;544,50 €;687,50 €;687,50 €;542,74 €;614,00 €;614,00 €;712,68 €;400,00 €;322,00 €;660,00 €;712,68 €;748,00 €;649,00 €;770,00 €;1.045,00 €;731,50 €;770,00 €;605,00 €;528,00 €;935,00 €;935,00 €;902,00 €;931,70 €;931,70 €;1.100,00 €;1.100,00 €;1.072,50 €;1.100,00 €;1.506,09 €;1.506,09 €;1.553,93 €;1.458,25 €;1.360,57 €;1.360,57 €;1.312,72 €;1.506,09 €;1.747,30 €;1.650,62 €;1.796,14 €;1.796,14 €;1.989,51 €;1.989,51 €;1.747,30 €;1.747,30 €;1.747,30 €;1.796,14 €;1.843,99 €;1.602,78 €;1.409,41 €;1.360,57 €;1.553,93 €;1.650,62 €;1.892,83 €;1.409,41 €;1.263,88 €;1.168,19 €;1.119,35 €;1.119,35 €;315,00 €;445;510;420;465;395;495,00 €;195,00 €;195,00 €;195,00 €;195,00 €;195,00 €;195,00 €;195,00 €;195,00 €;;;;;;;;;;;;;;;;;;;;;;;;;;;;;;;;;;;;;;;;
;;;;;;;;;;;;;;;;;;;;;;;;;;;;;;;;;;;;;;;;;;;;;;;;;;;;;;;;;;;;;;;;;;;;;;;;;;;;;;;;;;;;;;;;;;;;;;;;;;;;;;;;;;;;;;;;;;;;;;;;;;;;;;;;;;;;;;;;;;;;;;;;;;;;;;;;;;;
Oelrich;Freight;v1;9999;10000;SHP;738,91 €;777,35 €;726,70 €;681,48 €;638,07 €;652,54 €;693,24 €;717,21 €;664,30 €;681,48 €;681,48 €;664,30 €;693,24 €;664,30 €;705,45 €;638,07 €;542,20 €;402,92 €;386,19 €;429,60 €;489,29 €;525,47 €;542,20 €;283,08 €;302,08 €;279,30 €;453,57 €;283,08 €;371,72 €;283,08 €;323,78 €;441,36 €;542,20 €;542,20 €;513,26 €;465,33 €;582,90 €;417,39 €;465,33 €;402,92 €;338,25 €;354,99 €;354,99 €;417,39 €;279,30 €;279,30 €;465,33 €;465,33 €;489,29 €;513,26 €;621,34 €;638,07 €;582,90 €;542,20 €;542,20 €;402,92 €;638,07 €;602,35 €;664,30 €;664,30 €;621,34 €;693,24 €;681,48 €;681,48 €;693,24 €;748,41 €;738,91 €;777,35 €;738,91 €;738,91 €;726,70 €;726,70 €;762,88 €;805,84 €;834,78 €;820,31 €;820,31 €;844,28 €;878,20 €;865,99 €;820,31 €;791,82 €;820,31 €;805,84 €;762,88 €;717,21 €;717,21 €;762,88 €;791,82 €;834,78 €;738,91 €;738,91 €;638,07 €;621,34 €;621,34 €;;;;;;;;;;;;;;;;;;;;;;;;;;;;;;;;;;;;;;;;;;;;;;;;;;;;;;;
Oelrich;Freight;v1;10001;11000;SHP;767,55 €;807,48 €;754,87 €;707,89 €;662,80 €;677,83 €;720,10 €;745,00 €;690,04 €;707,89 €;707,89 €;690,04 €;720,10 €;690,04 €;732,79 €;662,80 €;563,21 €;418,53 €;401,15 €;446,25 €;508,25 €;545,83 €;563,21 €;294,05 €;313,78 €;290,12 €;471,14 €;294,05 €;386,12 €;294,05 €;336,33 €;458,46 €;563,21 €;563,21 €;533,15 €;483,36 €;605,49 €;433,57 €;483,36 €;418,53 €;351,36 €;368,74 €;368,74 €;433,57 €;290,12 €;290,12 €;483,36 €;483,36 €;508,25 €;533,15 €;645,42 €;662,80 €;605,49 €;563,21 €;563,21 €;418,53 €;662,80 €;625,69 €;690,04 €;690,04 €;645,42 €;720,10 €;707,89 €;707,89 €;720,10 €;777,41 €;767,55 €;807,48 €;767,55 €;767,55 €;754,87 €;754,87 €;792,44 €;837,07 €;867,13 €;852,10 €;852,10 €;877,00 €;912,23 €;899,54 €;852,10 €;822,51 €;852,10 €;837,07 €;792,44 €;745,00 €;745,00 €;792,44 €;822,51 €;867,13 €;767,55 €;767,55 €;662,80 €;645,42 €;645,42 €;;;;;;;;;;;;;;;;;;;;;;;;;;;;;;;;;;;;;;;;;;;;;;;;;;;;;;;
Oelrich;Freight;v1;11001;12000;SHP;796,18 €;837,60 €;783,03 €;734,30 €;687,52 €;703,12 €;746,97 €;772,79 €;715,78 €;734,30 €;734,30 €;715,78 €;746,97 €;715,78 €;760,12 €;687,52 €;584,22 €;434,15 €;416,12 €;462,90 €;527,21 €;566,20 €;584,22 €;305,02 €;325,49 €;300,95 €;488,72 €;305,02 €;400,53 €;305,02 €;348,88 €;475,56 €;584,22 €;584,22 €;553,04 €;501,39 €;628,08 €;449,74 €;501,39 €;434,15 €;364,47 €;382,50 €;382,50 €;449,74 €;300,95 €;300,95 €;501,39 €;501,39 €;527,21 €;553,04 €;669,49 €;687,52 €;628,08 €;584,22 €;584,22 €;434,15 €;687,52 €;649,03 €;715,78 €;715,78 €;669,49 €;746,97 €;734,30 €;734,30 €;746,97 €;806,41 €;796,18 €;837,60 €;796,18 €;796,18 €;783,03 €;783,03 €;822,01 €;868,30 €;899,48 €;883,89 €;883,89 €;909,71 €;946,26 €;933,10 €;883,89 €;853,19 €;883,89 €;868,30 €;822,01 €;772,79 €;772,79 €;822,01 €;853,19 €;899,48 €;796,18 €;796,18 €;687,52 €;669,49 €;669,49 €;;;;;;;;;;;;;;;;;;;;;;;;;;;;;;;;;;;;;;;;;;;;;;;;;;;;;;;
Oelrich;Freight;v1;12001;13000;SHP;824,82 €;867,72 €;811,19 €;760,71 €;712,25 €;728,40 €;773,83 €;800,59 €;741,53 €;760,71 €;760,71 €;741,53 €;773,83 €;741,53 €;787,46 €;712,25 €;605,23 €;449,76 €;431,08 €;479,54 €;546,17 €;586,56 €;605,23 €;315,99 €;337,19 €;311,77 €;506,30 €;315,99 €;414,93 €;315,99 €;361,42 €;492,67 €;605,23 €;605,23 €;572,93 €;519,42 €;650,66 €;465,91 €;519,42 €;449,76 €;377,58 €;396,25 €;396,25 €;465,91 €;311,77 €;311,77 €;519,42 €;519,42 €;546,17 €;572,93 €;693,57 €;712,25 €;650,66 €;605,23 €;605,23 €;449,76 €;712,25 €;672,37 €;741,53 €;741,53 €;693,57 €;773,83 €;760,71 €;760,71 €;773,83 €;835,42 €;824,82 €;867,72 €;824,82 €;824,82 €;811,19 €;811,19 €;851,57 €;899,52 €;931,83 €;915,68 €;915,68 €;942,43 €;980,29 €;966,66 €;915,68 €;883,87 €;915,68 €;899,52 €;851,57 €;800,59 €;800,59 €;851,57 €;883,87 €;931,83 €;824,82 €;824,82 €;712,25 €;693,57 €;693,57 €;;;;;;;;;;;;;;;;;;;;;;;;;;;;;;;;;;;;;;;;;;;;;;;;;;;;;;;
Oelrich;Freight;v1;13001;14000;SHP;853,45 €;897,84 €;839,35 €;787,12 €;736,97 €;753,69 €;800,70 €;828,38 €;767,27 €;787,12 €;787,12 €;767,27 €;800,70 €;767,27 €;814,80 €;736,97 €;626,25 €;465,37 €;446,05 €;496,19 €;565,14 €;606,92 €;626,25 €;326,96 €;348,90 €;322,59 €;523,87 €;326,96 €;429,34 €;326,96 €;373,97 €;509,77 €;626,25 €;626,25 €;592,82 €;537,45 €;673,25 €;482,09 €;537,45 €;465,37 €;390,69 €;410,01 €;410,01 €;482,09 €;322,59 €;322,59 €;537,45 €;537,45 €;565,14 €;592,82 €;717,65 €;736,97 €;673,25 €;626,25 €;626,25 €;465,37 €;736,97 €;695,71 €;767,27 €;767,27 €;717,65 €;800,70 €;787,12 €;787,12 €;800,70 €;864,42 €;853,45 €;897,84 €;853,45 €;853,45 €;839,35 €;839,35 €;881,13 €;930,75 €;964,18 €;947,46 €;947,46 €;975,15 €;1.014,32 €;1.000,22 €;947,46 €;914,56 €;947,46 €;930,75 €;881,13 €;828,38 €;828,38 €;881,13 €;914,56 €;964,18 €;853,45 €;853,45 €;736,97 €;717,65 €;717,65 €;;;;;;;;;;;;;;;;;;;;;;;;;;;;;;;;;;;;;;;;;;;;;;;;;;;;;;;
Oelrich;Freight;v1;14001;15000;SHP;882,08 €;927,97 €;867,51 €;813,52 €;761,70 €;778,97 €;827,56 €;856,17 €;793,01 €;813,52 €;813,52 €;793,01 €;827,56 €;793,01 €;842,13 €;761,70 €;647,26 €;480,99 €;461,01 €;512,84 €;584,10 €;627,28 €;647,26 €;337,93 €;360,61 €;333,42 €;541,45 €;337,93 €;443,74 €;337,93 €;386,52 €;526,87 €;647,26 €;647,26 €;612,71 €;555,48 €;695,84 €;498,26 €;555,48 €;480,99 €;403,79 €;423,77 €;423,77 €;498,26 €;333,42 €;333,42 €;555,48 €;555,48 €;584,10 €;612,71 €;741,73 €;761,70 €;695,84 €;647,26 €;647,26 €;480,99 €;761,70 €;719,05 €;793,01 €;793,01 €;741,73 €;827,56 €;813,52 €;813,52 €;827,56 €;893,42 €;882,08 €;927,97 €;882,08 €;882,08 €;867,51 €;867,51 €;910,69 €;961,98 €;996,53 €;979,25 €;979,25 €;1.007,86 €;1.048,35 €;1.033,77 €;979,25 €;945,24 €;979,25 €;961,98 €;910,69 €;856,17 €;856,17 €;910,69 €;945,24 €;996,53 €;882,08 €;882,08 €;761,70 €;741,73 €;741,73 €;;;;;;;;;;;;;;;;;;;;;;;;;;;;;;;;;;;;;;;;;;;;;;;;;;;;;;;
Oelrich;Freight;v1;15001;16000;SHP;910,72 €;958,09 €;895,67 €;839,93 €;786,43 €;804,26 €;854,42 €;883,96 €;818,75 €;839,93 €;839,93 €;818,75 €;854,42 €;818,75 €;869,47 €;786,43 €;668,27 €;496,60 €;475,98 €;529,49 €;603,06 €;647,64 €;668,27 €;348,90 €;372,31 €;344,24 €;559,03 €;348,90 €;458,14 €;348,90 €;399,07 €;543,98 €;668,27 €;668,27 €;632,60 €;573,52 €;718,43 €;514,44 €;573,52 €;496,60 €;416,90 €;437,52 €;437,52 €;514,44 €;344,24 €;344,24 €;573,52 €;573,52 €;603,06 €;632,60 €;765,80 €;786,43 €;718,43 €;668,27 €;668,27 €;496,60 €;786,43 €;742,39 €;818,75 €;818,75 €;765,80 €;854,42 €;839,93 €;839,93 €;854,42 €;922,42 €;910,72 €;958,09 €;910,72 €;910,72 €;895,67 €;895,67 €;940,26 €;993,20 €;1.028,87 €;1.011,04 €;1.011,04 €;1.040,58 €;1.082,38 €;1.067,33 €;1.011,04 €;975,93 €;1.011,04 €;993,20 €;940,26 €;883,96 €;883,96 €;940,26 €;975,93 €;1.028,87 €;910,72 €;910,72 €;786,43 €;765,80 €;765,80 €;;;;;;;;;;;;;;;;;;;;;;;;;;;;;;;;;;;;;;;;;;;;;;;;;;;;;;;
Oelrich;Freight;v1;16001;17000;SHP;939,35 €;988,21 €;923,83 €;866,34 €;811,15 €;829,55 €;881,29 €;911,75 €;844,49 €;866,34 €;866,34 €;844,49 €;881,29 €;844,49 €;896,81 €;811,15 €;689,28 €;512,22 €;490,94 €;546,13 €;622,02 €;668,01 €;689,28 €;359,87 €;384,02 €;355,06 €;576,60 €;359,87 €;472,55 €;359,87 €;411,61 €;561,08 €;689,28 €;689,28 €;652,49 €;591,55 €;741,02 €;530,61 €;591,55 €;512,22 €;430,01 €;451,28 €;451,28 €;530,61 €;355,06 €;355,06 €;591,55 €;591,55 €;622,02 €;652,49 €;789,88 €;811,15 €;741,02 €;689,28 €;689,28 €;512,22 €;811,15 €;765,74 €;844,49 €;844,49 €;789,88 €;881,29 €;866,34 €;866,34 €;881,29 €;951,42 €;939,35 €;988,21 €;939,35 €;939,35 €;923,83 €;923,83 €;969,82 €;1.024,43 €;1.061,22 €;1.042,83 €;1.042,83 €;1.073,30 €;1.116,41 €;1.100,89 €;1.042,83 €;1.006,61 €;1.042,83 €;1.024,43 €;969,82 €;911,75 €;911,75 €;969,82 €;1.006,61 €;1.061,22 €;939,35 €;939,35 €;811,15 €;789,88 €;789,88 €;;;;;;;;;;;;;;;;;;;;;;;;;;;;;;;;;;;;;;;;;;;;;;;;;;;;;;;
Oelrich;Freight;v1;17001;18000;SHP;967,98 €;1.018,34 €;951,99 €;892,75 €;835,88 €;854,83 €;908,15 €;939,55 €;870,24 €;892,75 €;892,75 €;870,24 €;908,15 €;870,24 €;924,14 €;835,88 €;710,29 €;527,83 €;505,91 €;562,78 €;640,98 €;688,37 €;710,29 €;370,84 €;395,72 €;365,88 €;594,18 €;370,84 €;486,95 €;370,84 €;424,16 €;578,18 €;710,29 €;710,29 €;672,37 €;609,58 €;763,60 €;546,79 €;609,58 €;527,83 €;443,12 €;465,03 €;465,03 €;546,79 €;365,88 €;365,88 €;609,58 €;609,58 €;640,98 €;672,37 €;813,96 €;835,88 €;763,60 €;710,29 €;710,29 €;527,83 €;835,88 €;789,08 €;870,24 €;870,24 €;813,96 €;908,15 €;892,75 €;892,75 €;908,15 €;980,42 €;967,98 €;1.018,34 €;967,98 €;967,98 €;951,99 €;951,99 €;999,38 €;1.055,66 €;1.093,57 €;1.074,61 €;1.074,61 €;1.106,01 €;1.150,44 €;1.134,45 €;1.074,61 €;1.037,29 €;1.074,61 €;1.055,66 €;999,38 €;939,55 €;939,55 €;999,38 €;1.037,29 €;1.093,57 €;967,98 €;967,98 €;835,88 €;813,96 €;813,96 €;;;;;;;;;;;;;;;;;;;;;;;;;;;;;;;;;;;;;;;;;;;;;;;;;;;;;;;
Oelrich;Freight;v1;18001;19000;SHP;996,62 €;1.048,46 €;980,15 €;919,16 €;860,60 €;880,12 €;935,01 €;967,34 €;895,98 €;919,16 €;919,16 €;895,98 €;935,01 €;895,98 €;951,48 €;860,60 €;731,30 €;543,44 €;520,88 €;579,43 €;659,94 €;708,73 €;731,30 €;381,81 €;407,43 €;376,71 €;611,75 €;381,81 €;501,36 €;381,81 €;436,71 €;595,29 €;731,30 €;731,30 €;692,26 €;627,61 €;786,19 €;562,96 €;627,61 €;543,44 €;456,22 €;478,79 €;478,79 €;562,96 €;376,71 €;376,71 €;627,61 €;627,61 €;659,94 €;692,26 €;838,04 €;860,60 €;786,19 €;731,30 €;731,30 €;543,44 €;860,60 €;812,42 €;895,98 €;895,98 €;838,04 €;935,01 €;919,16 €;919,16 €;935,01 €;1.009,42 €;996,62 €;1.048,46 €;996,62 €;996,62 €;980,15 €;980,15 €;1.028,94 €;1.086,88 €;1.125,92 €;1.106,40 €;1.106,40 €;1.138,73 €;1.184,47 €;1.168,00 €;1.106,40 €;1.067,98 €;1.106,40 €;1.086,88 €;1.028,94 €;967,34 €;967,34 €;1.028,94 €;1.067,98 €;1.125,92 €;996,62 €;996,62 €;860,60 €;838,04 €;838,04 €;;;;;;;;;;;;;;;;;;;;;;;;;;;;;;;;;;;;;;;;;;;;;;;;;;;;;;;
Oelrich;Freight;v1;19001;20000;SHP;1.025,25 €;1.078,58 €;1.008,31 €;945,56 €;885,33 €;905,41 €;961,88 €;995,13 €;921,72 €;945,56 €;945,56 €;921,72 €;961,88 €;921,72 €;978,82 €;885,33 €;752,31 €;559,06 €;535,84 €;596,08 €;678,90 €;729,09 €;752,31 €;392,78 €;419,13 €;387,53 €;629,33 €;392,78 €;515,76 €;392,78 €;449,25 €;612,39 €;752,31 €;752,31 €;712,15 €;645,64 €;808,78 €;579,13 €;645,64 €;559,06 €;469,33 €;492,55 €;492,55 €;579,13 €;387,53 €;387,53 €;645,64 €;645,64 €;678,90 €;712,15 €;862,11 €;885,33 €;808,78 €;752,31 €;752,31 €;559,06 €;885,33 €;835,76 €;921,72 €;921,72 €;862,11 €;961,88 €;945,56 €;945,56 €;961,88 €;1.038,43 €;1.025,25 €;1.078,58 €;1.025,25 €;1.025,25 €;1.008,31 €;1.008,31 €;1.058,50 €;1.118,11 €;1.158,27 €;1.138,19 €;1.138,19 €;1.171,44 €;1.218,50 €;1.201,56 €;1.138,19 €;1.098,66 €;1.138,19 €;1.118,11 €;1.058,50 €;995,13 €;995,13 €;1.058,50 €;1.098,66 €;1.158,27 €;1.025,25 €;1.025,25 €;885,33 €;862,11 €;862,11 €;;;;;;;;;;;;;;;;;;;;;;;;;;;;;;;;;;;;;;;;;;;;;;;;;;;;;;;
Oelrich;Freight;v1;20001;21000;SHP;1.053,88 €;1.108,71 €;1.036,47 €;971,97 €;910,05 €;930,69 €;988,74 €;1.022,92 €;947,46 €;971,97 €;971,97 €;947,46 €;988,74 €;947,46 €;1.006,15 €;910,05 €;773,32 €;574,67 €;550,81 €;612,72 €;697,86 €;749,46 €;773,32 €;403,75 €;430,84 €;398,35 €;646,91 €;403,75 €;530,17 €;403,75 €;461,80 €;629,49 €;773,32 €;773,32 €;732,04 €;663,68 €;831,37 €;595,31 €;663,68 €;574,67 €;482,44 €;506,30 €;506,30 €;595,31 €;398,35 €;398,35 €;663,68 €;663,68 €;697,86 €;732,04 €;886,19 €;910,05 €;831,37 €;773,32 €;773,32 €;574,67 €;910,05 €;859,10 €;947,46 €;947,46 €;886,19 €;988,74 €;971,97 €;971,97 €;988,74 €;1.067,43 €;1.053,88 €;1.108,71 €;1.053,88 €;1.053,88 €;1.036,47 €;1.036,47 €;1.088,07 €;1.149,34 €;1.190,62 €;1.169,98 €;1.169,98 €;1.204,16 €;1.252,53 €;1.235,12 €;1.169,98 €;1.129,34 €;1.169,98 €;1.149,34 €;1.088,07 €;1.022,92 €;1.022,92 €;1.088,07 €;1.129,34 €;1.190,62 €;1.053,88 €;1.053,88 €;910,05 €;886,19 €;886,19 €;;;;;;;;;;;;;;;;;;;;;;;;;;;;;;;;;;;;;;;;;;;;;;;;;;;;;;;
Oelrich;Freight;v1;21001;22000;SHP;1.082,52 €;1.138,83 €;1.064,63 €;998,38 €;934,78 €;955,98 €;1.015,60 €;1.050,72 €;973,20 €;998,38 €;998,38 €;973,20 €;1.015,60 €;973,20 €;1.033,49 €;934,78 €;794,33 €;590,28 €;565,77 €;629,37 €;716,82 €;769,82 €;794,33 €;414,72 €;442,55 €;409,18 €;664,48 €;414,72 €;544,57 €;414,72 €;474,35 €;646,59 €;794,33 €;794,33 €;751,93 €;681,71 €;853,96 €;611,48 €;681,71 €;590,28 €;495,55 €;520,06 €;520,06 €;611,48 €;409,18 €;409,18 €;681,71 €;681,71 €;716,82 €;751,93 €;910,27 €;934,78 €;853,96 €;794,33 €;794,33 €;590,28 €;934,78 €;882,44 €;973,20 €;973,20 €;910,27 €;1.015,60 €;998,38 €;998,38 €;1.015,60 €;1.096,43 €;1.082,52 €;1.138,83 €;1.082,52 €;1.082,52 €;1.064,63 €;1.064,63 €;1.117,63 €;1.180,57 €;1.222,97 €;1.201,77 €;1.201,77 €;1.236,88 €;1.286,56 €;1.268,68 €;1.201,77 €;1.160,03 €;1.201,77 €;1.180,57 €;1.117,63 €;1.050,72 €;1.050,72 €;1.117,63 €;1.160,03 €;1.222,97 €;1.082,52 €;1.082,52 €;934,78 €;910,27 €;910,27 €;;;;;;;;;;;;;;;;;;;;;;;;;;;;;;;;;;;;;;;;;;;;;;;;;;;;;;;
Oelrich;Freight;v1;22001;23000;SHP;1.111,15 €;1.168,95 €;1.092,79 €;1.024,79 €;959,51 €;981,27 €;1.042,47 €;1.078,51 €;998,95 €;1.024,79 €;1.024,79 €;998,95 €;1.042,47 €;998,95 €;1.060,83 €;959,51 €;815,34 €;605,90 €;580,74 €;646,02 €;735,78 €;790,18 €;815,34 €;425,69 €;454,25 €;420,00 €;682,06 €;425,69 €;558,97 €;425,69 €;486,89 €;663,70 €;815,34 €;815,34 €;771,82 €;699,74 €;876,54 €;627,66 €;699,74 €;605,90 €;508,65 €;533,81 €;533,81 €;627,66 €;420,00 €;420,00 €;699,74 €;699,74 €;735,78 €;771,82 €;934,35 €;959,51 €;876,54 €;815,34 €;815,34 €;605,90 €;959,51 €;905,78 €;998,95 €;998,95 €;934,35 €;1.042,47 €;1.024,79 €;1.024,79 €;1.042,47 €;1.125,43 €;1.111,15 €;1.168,95 €;1.111,15 €;1.111,15 €;1.092,79 €;1.092,79 €;1.147,19 €;1.211,79 €;1.255,31 €;1.233,55 €;1.233,55 €;1.269,59 €;1.320,60 €;1.302,23 €;1.233,55 €;1.190,71 €;1.233,55 €;1.211,79 €;1.147,19 €;1.078,51 €;1.078,51 €;1.147,19 €;1.190,71 €;1.255,31 €;1.111,15 €;1.111,15 €;959,51 €;934,35 €;934,35 €;;;;;;;;;;;;;;;;;;;;;;;;;;;;;;;;;;;;;;;;;;;;;;;;;;;;;;;
Oelrich;Freight;v1;23001;25000;SHP;1.111,15 €;1.168,95 €;1.092,79 €;1.024,79 €;959,51 €;981,27 €;1.042,47 €;1.078,51 €;998,95 €;1.024,79 €;1.024,79 €;998,95 €;1.042,47 €;998,95 €;1.060,83 €;959,51 €;815,34 €;605,90 €;580,74 €;646,02 €;735,78 €;790,18 €;815,34 €;425,69 €;454,25 €;420,00 €;682,06 €;425,69 €;558,97 €;425,69 €;486,89 €;663,70 €;815,34 €;815,34 €;771,82 €;699,74 €;876,54 €;627,66 €;699,74 €;605,90 €;508,65 €;533,81 €;533,81 €;627,66 €;420,00 €;420,00 €;699,74 €;699,74 €;735,78 €;771,82 €;934,35 €;959,51 €;876,54 €;815,34 €;815,34 €;605,90 €;959,51 €;905,78 €;998,95 €;998,95 €;934,35 €;1.042,47 €;1.024,79 €;1.024,79 €;1.042,47 €;1.125,43 €;1.111,15 €;1.168,95 €;1.111,15 €;1.111,15 €;1.092,79 €;1.092,79 €;1.147,19 €;1.211,79 €;1.255,31 €;1.233,55 €;1.233,55 €;1.269,59 €;1.320,60 €;1.302,23 €;1.233,55 €;1.190,71 €;1.233,55 €;1.211,79 €;1.147,19 €;1.078,51 €;1.078,51 €;1.147,19 €;1.190,71 €;1.255,31 €;1.111,15 €;1.111,15 €;959,51 €;934,35 €;934,35 €;;;;;;;;;;;;;;;;;;;;;;;;;;;;;;;;;;;;;;;;;;;;;;;;;;;;;;;
